,id,name,head_sha,event,status,conclusion,created_at,updated_at,jobs_url,organization,repo,repo_url,actions_url
0,1103035131,CI,f2b7f984f476072c64fe6394b8e010968c68137c,pull_request,completed,action_required,2021-08-05T21:41:33Z,2021-08-05T21:41:33Z,https://api.github.com/repos/tensorflow/models/actions/runs/1103035131/jobs,tensorflow,models,https://github.com/tensorflow/models,https://api.github.com/repos/tensorflow/models/actions/runs
1,1101386579,CI,3a8c553037aaa88e0c28cf80d6e656c85e1c7cfb,pull_request,completed,action_required,2021-08-05T12:11:56Z,2021-08-05T12:11:56Z,https://api.github.com/repos/tensorflow/models/actions/runs/1101386579/jobs,tensorflow,models,https://github.com/tensorflow/models,https://api.github.com/repos/tensorflow/models/actions/runs
2,1098624189,CI,4a1005baebbd3799b8dc32c394ff01a3fe0e13cf,pull_request,completed,success,2021-08-04T17:34:49Z,2021-08-04T17:35:29Z,https://api.github.com/repos/tensorflow/models/actions/runs/1098624189/jobs,tensorflow,models,https://github.com/tensorflow/models,https://api.github.com/repos/tensorflow/models/actions/runs
3,1098485621,CI,39f641c34c67aac955947cd1bca67fd387ba8df0,pull_request,completed,success,2021-08-04T16:45:09Z,2021-08-04T16:45:50Z,https://api.github.com/repos/tensorflow/models/actions/runs/1098485621/jobs,tensorflow,models,https://github.com/tensorflow/models,https://api.github.com/repos/tensorflow/models/actions/runs
4,1095396835,CI,1d4c5e6d37b1a0a13b8e2e76769ceac67c28ad98,pull_request,completed,success,2021-08-03T20:53:17Z,2021-08-03T20:54:06Z,https://api.github.com/repos/tensorflow/models/actions/runs/1095396835/jobs,tensorflow,models,https://github.com/tensorflow/models,https://api.github.com/repos/tensorflow/models/actions/runs
5,1095393417,CI,d2fb2c307a354b4dc9b37e22a78d4e2d38543b12,pull_request,completed,success,2021-08-03T20:52:05Z,2021-08-03T20:52:50Z,https://api.github.com/repos/tensorflow/models/actions/runs/1095393417/jobs,tensorflow,models,https://github.com/tensorflow/models,https://api.github.com/repos/tensorflow/models/actions/runs
6,1095388433,CI,7db2e5151dfa5bb3e5e39ea95fb567222d640d60,pull_request,completed,success,2021-08-03T20:49:57Z,2021-08-03T20:50:46Z,https://api.github.com/repos/tensorflow/models/actions/runs/1095388433/jobs,tensorflow,models,https://github.com/tensorflow/models,https://api.github.com/repos/tensorflow/models/actions/runs
7,1081352637,CI,abe58a894980b88e082d9473e0e8aad4ecc0a50c,pull_request,completed,success,2021-07-30T07:05:05Z,2021-07-30T07:05:46Z,https://api.github.com/repos/tensorflow/models/actions/runs/1081352637/jobs,tensorflow,models,https://github.com/tensorflow/models,https://api.github.com/repos/tensorflow/models/actions/runs
8,1077543749,CI,b086522019da7228721eff2af3ae46c59042e476,pull_request,completed,success,2021-07-29T06:18:28Z,2021-07-29T06:19:10Z,https://api.github.com/repos/tensorflow/models/actions/runs/1077543749/jobs,tensorflow,models,https://github.com/tensorflow/models,https://api.github.com/repos/tensorflow/models/actions/runs
9,1075939849,CI,b9afb6264fafff6df201e88566a411ed9887259d,pull_request,completed,success,2021-07-28T18:24:11Z,2021-07-28T18:24:55Z,https://api.github.com/repos/tensorflow/models/actions/runs/1075939849/jobs,tensorflow,models,https://github.com/tensorflow/models,https://api.github.com/repos/tensorflow/models/actions/runs
10,1075895361,CI,ce16b37d3de2cb153ecdcc3a41f7bf2b7fbc6da4,pull_request,completed,success,2021-07-28T18:09:24Z,2021-07-28T18:10:06Z,https://api.github.com/repos/tensorflow/models/actions/runs/1075895361/jobs,tensorflow,models,https://github.com/tensorflow/models,https://api.github.com/repos/tensorflow/models/actions/runs
11,1073856205,CI,f44d4a95ddd147956ce1f09cd0e63d18d0ba1a9b,pull_request,completed,success,2021-07-28T06:18:44Z,2021-07-28T06:19:22Z,https://api.github.com/repos/tensorflow/models/actions/runs/1073856205/jobs,tensorflow,models,https://github.com/tensorflow/models,https://api.github.com/repos/tensorflow/models/actions/runs
12,1073839742,CI,1c70a016b3edfec6581c5da8675e5c9097894a9e,pull_request,completed,success,2021-07-28T06:12:06Z,2021-07-28T06:12:49Z,https://api.github.com/repos/tensorflow/models/actions/runs/1073839742/jobs,tensorflow,models,https://github.com/tensorflow/models,https://api.github.com/repos/tensorflow/models/actions/runs
13,1073713719,CI,9fce03c9cc8c0d895800d044589eeb2d5bb93f48,pull_request,completed,success,2021-07-28T05:09:41Z,2021-07-28T05:10:22Z,https://api.github.com/repos/tensorflow/models/actions/runs/1073713719/jobs,tensorflow,models,https://github.com/tensorflow/models,https://api.github.com/repos/tensorflow/models/actions/runs
14,1073713586,CI,9fce03c9cc8c0d895800d044589eeb2d5bb93f48,pull_request,completed,success,2021-07-28T05:09:39Z,2021-07-28T05:10:20Z,https://api.github.com/repos/tensorflow/models/actions/runs/1073713586/jobs,tensorflow,models,https://github.com/tensorflow/models,https://api.github.com/repos/tensorflow/models/actions/runs
15,1072051336,CI,0454c7563b9f7859dc452aecfe3b56a8677cace5,pull_request,completed,success,2021-07-27T17:11:16Z,2021-07-27T17:12:04Z,https://api.github.com/repos/tensorflow/models/actions/runs/1072051336/jobs,tensorflow,models,https://github.com/tensorflow/models,https://api.github.com/repos/tensorflow/models/actions/runs
16,1070223535,CI,cb9d1f089bdf64d4e76c0204856f648ede47b77f,pull_request,completed,success,2021-07-27T07:07:31Z,2021-07-27T07:08:08Z,https://api.github.com/repos/tensorflow/models/actions/runs/1070223535/jobs,tensorflow,models,https://github.com/tensorflow/models,https://api.github.com/repos/tensorflow/models/actions/runs
17,1070220566,CI,e1c3ba48b92f70fee659e0c4d8d2ba8268e9cbd4,pull_request,completed,success,2021-07-27T07:06:29Z,2021-07-27T07:08:30Z,https://api.github.com/repos/tensorflow/models/actions/runs/1070220566/jobs,tensorflow,models,https://github.com/tensorflow/models,https://api.github.com/repos/tensorflow/models/actions/runs
18,1066646931,CI,2ab8af9fe61652489539e7d2c4c7fefc28d10c62,pull_request,completed,success,2021-07-26T08:02:38Z,2021-07-26T08:03:29Z,https://api.github.com/repos/tensorflow/models/actions/runs/1066646931/jobs,tensorflow,models,https://github.com/tensorflow/models,https://api.github.com/repos/tensorflow/models/actions/runs
19,1064102242,CI,59ad734af0bd500e1eabd157c5a0138c07731a38,pull_request,completed,success,2021-07-25T07:05:25Z,2021-07-25T07:06:05Z,https://api.github.com/repos/tensorflow/models/actions/runs/1064102242/jobs,tensorflow,models,https://github.com/tensorflow/models,https://api.github.com/repos/tensorflow/models/actions/runs
20,1064101102,CI,a3d4144e0345d0aa7b78d1722da4d4cade968b80,pull_request,completed,success,2021-07-25T07:04:46Z,2021-07-25T07:05:28Z,https://api.github.com/repos/tensorflow/models/actions/runs/1064101102/jobs,tensorflow,models,https://github.com/tensorflow/models,https://api.github.com/repos/tensorflow/models/actions/runs
21,1061993586,CI,64611302d301c98acc5c834f005f2a987924d6c1,pull_request,completed,success,2021-07-24T07:04:52Z,2021-07-24T07:05:34Z,https://api.github.com/repos/tensorflow/models/actions/runs/1061993586/jobs,tensorflow,models,https://github.com/tensorflow/models,https://api.github.com/repos/tensorflow/models/actions/runs
22,1061992650,CI,1edee2b2ee604d6978ea8f9583a0072a23baead2,pull_request,completed,success,2021-07-24T07:04:21Z,2021-07-24T07:04:55Z,https://api.github.com/repos/tensorflow/models/actions/runs/1061992650/jobs,tensorflow,models,https://github.com/tensorflow/models,https://api.github.com/repos/tensorflow/models/actions/runs
23,1058839868,CI,bf1868b6da7dea871a0ed5dea40017bb52878994,pull_request,completed,success,2021-07-23T07:05:38Z,2021-07-23T07:06:22Z,https://api.github.com/repos/tensorflow/models/actions/runs/1058839868/jobs,tensorflow,models,https://github.com/tensorflow/models,https://api.github.com/repos/tensorflow/models/actions/runs
24,1058838033,CI,fc0d5ed23f0338e91ce96580464b8c5f9a66bf87,pull_request,completed,success,2021-07-23T07:04:58Z,2021-07-23T07:05:39Z,https://api.github.com/repos/tensorflow/models/actions/runs/1058838033/jobs,tensorflow,models,https://github.com/tensorflow/models,https://api.github.com/repos/tensorflow/models/actions/runs
25,1055240194,CI,0027bdde0e7c735881a93cc5e37bd2335722ba72,pull_request,completed,success,2021-07-22T07:05:16Z,2021-07-22T07:05:51Z,https://api.github.com/repos/tensorflow/models/actions/runs/1055240194/jobs,tensorflow,models,https://github.com/tensorflow/models,https://api.github.com/repos/tensorflow/models/actions/runs
26,1055238421,CI,fde5e3afb8ac10fe3f2236002acd847dcb75d0a5,pull_request,completed,success,2021-07-22T07:04:40Z,2021-07-22T07:05:31Z,https://api.github.com/repos/tensorflow/models/actions/runs/1055238421/jobs,tensorflow,models,https://github.com/tensorflow/models,https://api.github.com/repos/tensorflow/models/actions/runs
27,1054545940,CI,5ffcc5b668d3739c068d744213d617b3add1a03c,pull_request,completed,success,2021-07-22T01:03:28Z,2021-07-22T01:04:09Z,https://api.github.com/repos/tensorflow/models/actions/runs/1054545940/jobs,tensorflow,models,https://github.com/tensorflow/models,https://api.github.com/repos/tensorflow/models/actions/runs
28,1047943984,CI,6960f2cb2e2518d5b85412a9ff9dd06cbadfb105,pull_request,completed,success,2021-07-20T07:06:05Z,2021-07-20T07:06:46Z,https://api.github.com/repos/tensorflow/models/actions/runs/1047943984/jobs,tensorflow,models,https://github.com/tensorflow/models,https://api.github.com/repos/tensorflow/models/actions/runs
29,1047941799,CI,76e0c014988964b50efedc10204ca59391c9b1a1,pull_request,completed,success,2021-07-20T07:05:15Z,2021-07-20T07:05:59Z,https://api.github.com/repos/tensorflow/models/actions/runs/1047941799/jobs,tensorflow,models,https://github.com/tensorflow/models,https://api.github.com/repos/tensorflow/models/actions/runs
30,1046551456,CI,d9b85094711b4bcd34400989618b738032c992cf,pull_request,completed,success,2021-07-19T20:19:03Z,2021-07-19T20:19:49Z,https://api.github.com/repos/tensorflow/models/actions/runs/1046551456/jobs,tensorflow,models,https://github.com/tensorflow/models,https://api.github.com/repos/tensorflow/models/actions/runs
31,1046544391,CI,785760186da716a7f0a08a7d2feb3cb03156160b,pull_request,completed,success,2021-07-19T20:16:38Z,2021-07-19T20:18:51Z,https://api.github.com/repos/tensorflow/models/actions/runs/1046544391/jobs,tensorflow,models,https://github.com/tensorflow/models,https://api.github.com/repos/tensorflow/models/actions/runs
32,1044284576,CI,a41a77124378ab2ec01bf7db21c8857d336f5db9,pull_request,completed,success,2021-07-19T07:05:46Z,2021-07-19T07:06:28Z,https://api.github.com/repos/tensorflow/models/actions/runs/1044284576/jobs,tensorflow,models,https://github.com/tensorflow/models,https://api.github.com/repos/tensorflow/models/actions/runs
33,1044283060,CI,c2b950fd7581641daf76fe28cecae9b42fd750d3,pull_request,completed,success,2021-07-19T07:05:15Z,2021-07-19T07:05:59Z,https://api.github.com/repos/tensorflow/models/actions/runs/1044283060/jobs,tensorflow,models,https://github.com/tensorflow/models,https://api.github.com/repos/tensorflow/models/actions/runs
34,1041927644,CI,0faab551950f85df85dc4fe5ce9c55894fff2025,pull_request,completed,success,2021-07-18T07:04:50Z,2021-07-18T07:05:38Z,https://api.github.com/repos/tensorflow/models/actions/runs/1041927644/jobs,tensorflow,models,https://github.com/tensorflow/models,https://api.github.com/repos/tensorflow/models/actions/runs
35,1041926354,CI,ad5939387db6f0df4da534dc55ce007ffca76902,pull_request,completed,success,2021-07-18T07:04:13Z,2021-07-18T07:04:56Z,https://api.github.com/repos/tensorflow/models/actions/runs/1041926354/jobs,tensorflow,models,https://github.com/tensorflow/models,https://api.github.com/repos/tensorflow/models/actions/runs
36,1039795315,CI,6e658e061c3559a7914db7769d611ed6e6a0e841,pull_request,completed,success,2021-07-17T07:04:41Z,2021-07-17T07:05:17Z,https://api.github.com/repos/tensorflow/models/actions/runs/1039795315/jobs,tensorflow,models,https://github.com/tensorflow/models,https://api.github.com/repos/tensorflow/models/actions/runs
37,1039794190,CI,f1145d53d053c8291ba3b68604ed64fd54f96195,pull_request,completed,success,2021-07-17T07:04:08Z,2021-07-17T07:04:44Z,https://api.github.com/repos/tensorflow/models/actions/runs/1039794190/jobs,tensorflow,models,https://github.com/tensorflow/models,https://api.github.com/repos/tensorflow/models/actions/runs
38,1039743452,CI,9d7e2b5f4fce04b815252ff2676ca57d6dc9abb3,pull_request,completed,success,2021-07-17T06:30:40Z,2021-07-17T06:31:22Z,https://api.github.com/repos/tensorflow/models/actions/runs/1039743452/jobs,tensorflow,models,https://github.com/tensorflow/models,https://api.github.com/repos/tensorflow/models/actions/runs
39,1036604173,CI,ab6acdcc647781a483d3fcf08fb2bef4faefe00d,pull_request,completed,success,2021-07-16T07:04:51Z,2021-07-16T07:05:38Z,https://api.github.com/repos/tensorflow/models/actions/runs/1036604173/jobs,tensorflow,models,https://github.com/tensorflow/models,https://api.github.com/repos/tensorflow/models/actions/runs
40,1036602467,CI,690de1a3463ab3d40dc5c49c2f8cc9d36f7ea95c,pull_request,completed,success,2021-07-16T07:04:13Z,2021-07-16T07:04:51Z,https://api.github.com/repos/tensorflow/models/actions/runs/1036602467/jobs,tensorflow,models,https://github.com/tensorflow/models,https://api.github.com/repos/tensorflow/models/actions/runs
41,1035122076,CI,b09f1055fd6703889c8b7bcf971e01535152e125,pull_request,completed,success,2021-07-15T19:24:39Z,2021-07-15T19:25:20Z,https://api.github.com/repos/tensorflow/models/actions/runs/1035122076/jobs,tensorflow,models,https://github.com/tensorflow/models,https://api.github.com/repos/tensorflow/models/actions/runs
42,1034887294,CI,95b73ee67d24748cb121c198f0dc2b97dc91c5ee,pull_request,completed,success,2021-07-15T18:01:00Z,2021-07-15T18:01:41Z,https://api.github.com/repos/tensorflow/models/actions/runs/1034887294/jobs,tensorflow,models,https://github.com/tensorflow/models,https://api.github.com/repos/tensorflow/models/actions/runs
43,1034470545,CI,eee0858dcb2c80f68d4eecd004de45da26fe5d50,pull_request,completed,action_required,2021-07-15T15:29:55Z,2021-07-15T15:29:55Z,https://api.github.com/repos/tensorflow/models/actions/runs/1034470545/jobs,tensorflow,models,https://github.com/tensorflow/models,https://api.github.com/repos/tensorflow/models/actions/runs
44,1032993011,CI,5185605aad34a9863437156a2a99d22db2e63233,pull_request,completed,success,2021-07-15T07:05:32Z,2021-07-15T07:06:18Z,https://api.github.com/repos/tensorflow/models/actions/runs/1032993011/jobs,tensorflow,models,https://github.com/tensorflow/models,https://api.github.com/repos/tensorflow/models/actions/runs
45,1032991049,CI,82b485bdde4b3eb264f357b4e32b1ed83fc64ef5,pull_request,completed,success,2021-07-15T07:04:56Z,2021-07-15T07:05:33Z,https://api.github.com/repos/tensorflow/models/actions/runs/1032991049/jobs,tensorflow,models,https://github.com/tensorflow/models,https://api.github.com/repos/tensorflow/models/actions/runs
46,1030716724,CI,5517873c9a0f1931c47c5744c0deca0a7e509d3f,pull_request,completed,success,2021-07-14T15:07:40Z,2021-07-14T15:08:22Z,https://api.github.com/repos/tensorflow/models/actions/runs/1030716724/jobs,tensorflow,models,https://github.com/tensorflow/models,https://api.github.com/repos/tensorflow/models/actions/runs
47,1029332888,CI,1ffbd57e62074e94f61f62dc5598051b41182518,pull_request,completed,success,2021-07-14T07:04:49Z,2021-07-14T07:05:29Z,https://api.github.com/repos/tensorflow/models/actions/runs/1029332888/jobs,tensorflow,models,https://github.com/tensorflow/models,https://api.github.com/repos/tensorflow/models/actions/runs
48,1029330880,CI,313b8cc9da26d7a042a6d84a3b51d59e589c7365,pull_request,completed,success,2021-07-14T07:04:13Z,2021-07-14T07:04:52Z,https://api.github.com/repos/tensorflow/models/actions/runs/1029330880/jobs,tensorflow,models,https://github.com/tensorflow/models,https://api.github.com/repos/tensorflow/models/actions/runs
49,1026588823,CI,82d3f0872ef1a42fa06163d84b8926cb730f70df,pull_request,completed,success,2021-07-13T12:56:04Z,2021-07-13T12:56:42Z,https://api.github.com/repos/tensorflow/models/actions/runs/1026588823/jobs,tensorflow,models,https://github.com/tensorflow/models,https://api.github.com/repos/tensorflow/models/actions/runs
50,1026481906,CI,733d4a61cb5492f4be4f2a2f6d014b2a5d5702aa,pull_request,completed,success,2021-07-13T12:19:04Z,2021-07-13T12:19:56Z,https://api.github.com/repos/tensorflow/models/actions/runs/1026481906/jobs,tensorflow,models,https://github.com/tensorflow/models,https://api.github.com/repos/tensorflow/models/actions/runs
51,1025590050,CI,811dad9b29f300119ec4330c5f09f4383d046e3c,pull_request,completed,success,2021-07-13T07:05:39Z,2021-07-13T07:06:22Z,https://api.github.com/repos/tensorflow/models/actions/runs/1025590050/jobs,tensorflow,models,https://github.com/tensorflow/models,https://api.github.com/repos/tensorflow/models/actions/runs
52,1025588315,CI,41702d067c2cb5afc0d919abd9bfc32f87f12756,pull_request,completed,success,2021-07-13T07:05:04Z,2021-07-13T07:05:40Z,https://api.github.com/repos/tensorflow/models/actions/runs/1025588315/jobs,tensorflow,models,https://github.com/tensorflow/models,https://api.github.com/repos/tensorflow/models/actions/runs
53,1019563619,CI,d12b6cb8ce7d7a9db2c691a59ed070eebd709fe0,pull_request,completed,success,2021-07-11T07:04:46Z,2021-07-11T07:05:27Z,https://api.github.com/repos/tensorflow/models/actions/runs/1019563619/jobs,tensorflow,models,https://github.com/tensorflow/models,https://api.github.com/repos/tensorflow/models/actions/runs
54,1019562173,CI,4bb623f46b2b70b2c9aa0e01be3c01ae4aa9b8df,pull_request,completed,success,2021-07-11T07:04:00Z,2021-07-11T07:04:34Z,https://api.github.com/repos/tensorflow/models/actions/runs/1019562173/jobs,tensorflow,models,https://github.com/tensorflow/models,https://api.github.com/repos/tensorflow/models/actions/runs
55,1017479273,CI,aa4411ed69aa1943223098ab02e04d3e03f8e39d,pull_request,completed,success,2021-07-10T07:05:02Z,2021-07-10T07:05:46Z,https://api.github.com/repos/tensorflow/models/actions/runs/1017479273/jobs,tensorflow,models,https://github.com/tensorflow/models,https://api.github.com/repos/tensorflow/models/actions/runs
56,1017478266,CI,a5d912d051604b4768f715ab5570f5db17833032,pull_request,completed,success,2021-07-10T07:04:31Z,2021-07-10T07:05:02Z,https://api.github.com/repos/tensorflow/models/actions/runs/1017478266/jobs,tensorflow,models,https://github.com/tensorflow/models,https://api.github.com/repos/tensorflow/models/actions/runs
57,1015616967,CI,c76f31d149099cad2c1a4af18cfdf82460f1ef1b,pull_request,completed,success,2021-07-09T15:15:01Z,2021-07-09T15:16:00Z,https://api.github.com/repos/tensorflow/models/actions/runs/1015616967/jobs,tensorflow,models,https://github.com/tensorflow/models,https://api.github.com/repos/tensorflow/models/actions/runs
58,1014464003,CI,9534fd213256e4f65df50fb111579bf2f9872c25,pull_request,completed,success,2021-07-09T08:07:36Z,2021-07-09T08:08:17Z,https://api.github.com/repos/tensorflow/models/actions/runs/1014464003/jobs,tensorflow,models,https://github.com/tensorflow/models,https://api.github.com/repos/tensorflow/models/actions/runs
59,1014436444,CI,79605521a25f1982e1a6c889e9518665cc5f0f60,pull_request,completed,success,2021-07-09T07:58:03Z,2021-07-09T07:58:45Z,https://api.github.com/repos/tensorflow/models/actions/runs/1014436444/jobs,tensorflow,models,https://github.com/tensorflow/models,https://api.github.com/repos/tensorflow/models/actions/runs
60,1014425410,CI,e6c11f8e14db78314bedd963277551a76c38e981,pull_request,completed,success,2021-07-09T07:52:45Z,2021-07-09T07:53:26Z,https://api.github.com/repos/tensorflow/models/actions/runs/1014425410/jobs,tensorflow,models,https://github.com/tensorflow/models,https://api.github.com/repos/tensorflow/models/actions/runs
61,1014308579,CI,5326790535d0083a9a38ecc68db26f75de0321d8,pull_request,completed,success,2021-07-09T07:04:43Z,2021-07-09T07:05:31Z,https://api.github.com/repos/tensorflow/models/actions/runs/1014308579/jobs,tensorflow,models,https://github.com/tensorflow/models,https://api.github.com/repos/tensorflow/models/actions/runs
62,1010723515,CI,f099f1ae06a73bde5f3183f8f462ae7c2430550b,pull_request,completed,success,2021-07-08T07:04:43Z,2021-07-08T07:05:20Z,https://api.github.com/repos/tensorflow/models/actions/runs/1010723515/jobs,tensorflow,models,https://github.com/tensorflow/models,https://api.github.com/repos/tensorflow/models/actions/runs
63,1009375658,CI,b264877864d339128dd34a47762e75b9c0cf3771,pull_request,completed,success,2021-07-07T20:28:21Z,2021-07-07T20:28:58Z,https://api.github.com/repos/tensorflow/models/actions/runs/1009375658/jobs,tensorflow,models,https://github.com/tensorflow/models,https://api.github.com/repos/tensorflow/models/actions/runs
64,1007868667,CI,5631c40816da05f0169aabe9fa3f6bf11bea2a12,pull_request,completed,success,2021-07-07T11:38:54Z,2021-07-07T11:40:49Z,https://api.github.com/repos/tensorflow/models/actions/runs/1007868667/jobs,tensorflow,models,https://github.com/tensorflow/models,https://api.github.com/repos/tensorflow/models/actions/runs
65,1007630360,CI,a78283b66f75b615636e04fe101f201b0ee0b396,pull_request,completed,success,2021-07-07T10:09:37Z,2021-07-07T10:10:18Z,https://api.github.com/repos/tensorflow/models/actions/runs/1007630360/jobs,tensorflow,models,https://github.com/tensorflow/models,https://api.github.com/repos/tensorflow/models/actions/runs
66,1007629019,CI,73ba238bd5d93f184d860f7b673226fab6abf0ad,pull_request,completed,success,2021-07-07T10:09:13Z,2021-07-07T10:10:07Z,https://api.github.com/repos/tensorflow/models/actions/runs/1007629019/jobs,tensorflow,models,https://github.com/tensorflow/models,https://api.github.com/repos/tensorflow/models/actions/runs
67,1007591605,CI,e4ce9bd7f6712bb6e3ab15be3f52bdd2d57d8f29,pull_request,completed,success,2021-07-07T09:56:36Z,2021-07-07T09:57:19Z,https://api.github.com/repos/tensorflow/models/actions/runs/1007591605/jobs,tensorflow,models,https://github.com/tensorflow/models,https://api.github.com/repos/tensorflow/models/actions/runs
68,1007563009,CI,2d9c050b35f7857e74dc408595e2ed59e178bd87,pull_request,completed,success,2021-07-07T09:45:41Z,2021-07-07T09:46:20Z,https://api.github.com/repos/tensorflow/models/actions/runs/1007563009/jobs,tensorflow,models,https://github.com/tensorflow/models,https://api.github.com/repos/tensorflow/models/actions/runs
69,1007517686,CI,eb5abde84dabfad80edefff617f865ba64e88bbb,pull_request,completed,success,2021-07-07T09:29:51Z,2021-07-07T09:30:35Z,https://api.github.com/repos/tensorflow/models/actions/runs/1007517686/jobs,tensorflow,models,https://github.com/tensorflow/models,https://api.github.com/repos/tensorflow/models/actions/runs
70,1007495443,CI,12c1b0a0d07d58ad333e3c0b4f7230972cdf3510,pull_request,completed,success,2021-07-07T09:22:27Z,2021-07-07T09:23:07Z,https://api.github.com/repos/tensorflow/models/actions/runs/1007495443/jobs,tensorflow,models,https://github.com/tensorflow/models,https://api.github.com/repos/tensorflow/models/actions/runs
71,1002158885,CI,d6ba35ab1050904b0d3d5764811f57c9eadfe5e8,pull_request,completed,success,2021-07-05T19:29:04Z,2021-07-05T19:29:45Z,https://api.github.com/repos/tensorflow/models/actions/runs/1002158885/jobs,tensorflow,models,https://github.com/tensorflow/models,https://api.github.com/repos/tensorflow/models/actions/runs
72,1001588628,CI,67cfc95bafee4a163fa3e92c1ee4398690373538,pull_request,completed,success,2021-07-05T15:17:07Z,2021-07-05T15:17:46Z,https://api.github.com/repos/tensorflow/models/actions/runs/1001588628/jobs,tensorflow,models,https://github.com/tensorflow/models,https://api.github.com/repos/tensorflow/models/actions/runs
73,1000212518,CI,84561f846ee1490bebfa7936110081d1a61b0d22,pull_request,completed,success,2021-07-05T07:04:20Z,2021-07-05T07:04:59Z,https://api.github.com/repos/tensorflow/models/actions/runs/1000212518/jobs,tensorflow,models,https://github.com/tensorflow/models,https://api.github.com/repos/tensorflow/models/actions/runs
74,997896973,CI,e1de338f80e1f97c352900620bbe331a1eaa89d4,pull_request,completed,success,2021-07-04T07:04:42Z,2021-07-04T07:05:22Z,https://api.github.com/repos/tensorflow/models/actions/runs/997896973/jobs,tensorflow,models,https://github.com/tensorflow/models,https://api.github.com/repos/tensorflow/models/actions/runs
75,995825448,CI,8313210e3cb4bfd9ebb5caade7a44ea802319cce,pull_request,completed,success,2021-07-03T07:04:08Z,2021-07-03T07:04:49Z,https://api.github.com/repos/tensorflow/models/actions/runs/995825448/jobs,tensorflow,models,https://github.com/tensorflow/models,https://api.github.com/repos/tensorflow/models/actions/runs
76,992736079,CI,2e9f7308330e880212599773704079961551b7db,pull_request,completed,success,2021-07-02T07:04:17Z,2021-07-02T07:04:58Z,https://api.github.com/repos/tensorflow/models/actions/runs/992736079/jobs,tensorflow,models,https://github.com/tensorflow/models,https://api.github.com/repos/tensorflow/models/actions/runs
77,989103610,CI,58858d01bfbf684ac8a313d8ef56c76f14c9ee48,pull_request,completed,success,2021-07-01T07:05:26Z,2021-07-01T07:06:06Z,https://api.github.com/repos/tensorflow/models/actions/runs/989103610/jobs,tensorflow,models,https://github.com/tensorflow/models,https://api.github.com/repos/tensorflow/models/actions/runs
78,989100774,CI,82a05c5a3239bcfee91859261e0c5c412a007378,pull_request,completed,success,2021-07-01T07:04:32Z,2021-07-01T07:05:12Z,https://api.github.com/repos/tensorflow/models/actions/runs/989100774/jobs,tensorflow,models,https://github.com/tensorflow/models,https://api.github.com/repos/tensorflow/models/actions/runs
79,985393176,CI,4b4216411663cf7e36527de56af65b35c5529d28,pull_request,completed,success,2021-06-30T07:05:57Z,2021-06-30T07:06:41Z,https://api.github.com/repos/tensorflow/models/actions/runs/985393176/jobs,tensorflow,models,https://github.com/tensorflow/models,https://api.github.com/repos/tensorflow/models/actions/runs
80,985391222,CI,bad1ae393491f65e9154ccc04463aca42d4e085d,pull_request,completed,success,2021-06-30T07:05:19Z,2021-06-30T07:06:04Z,https://api.github.com/repos/tensorflow/models/actions/runs/985391222/jobs,tensorflow,models,https://github.com/tensorflow/models,https://api.github.com/repos/tensorflow/models/actions/runs
81,981735765,CI,747ade8c5ba031f2502abf6f8475a6894612bec0,pull_request,completed,success,2021-06-29T07:05:03Z,2021-06-29T07:05:46Z,https://api.github.com/repos/tensorflow/models/actions/runs/981735765/jobs,tensorflow,models,https://github.com/tensorflow/models,https://api.github.com/repos/tensorflow/models/actions/runs
82,981733938,CI,752822904376911681362c7a5f00859b862938fc,pull_request,completed,success,2021-06-29T07:04:25Z,2021-06-29T07:05:07Z,https://api.github.com/repos/tensorflow/models/actions/runs/981733938/jobs,tensorflow,models,https://github.com/tensorflow/models,https://api.github.com/repos/tensorflow/models/actions/runs
83,977730562,CI,53c3f6533255312ebe90d0dce3fc8da78023ba93,pull_request,completed,success,2021-06-28T04:22:52Z,2021-06-28T04:23:37Z,https://api.github.com/repos/tensorflow/models/actions/runs/977730562/jobs,tensorflow,models,https://github.com/tensorflow/models,https://api.github.com/repos/tensorflow/models/actions/runs
84,973678306,CI,57e9a1f19efe34b726c71e5e05bab87b09c1ce3c,pull_request,completed,success,2021-06-26T07:04:51Z,2021-06-26T07:05:25Z,https://api.github.com/repos/tensorflow/models/actions/runs/973678306/jobs,tensorflow,models,https://github.com/tensorflow/models,https://api.github.com/repos/tensorflow/models/actions/runs
85,973677368,CI,e036c579a64cd159b857da6d9051cab869428af9,pull_request,completed,success,2021-06-26T07:04:18Z,2021-06-26T07:04:58Z,https://api.github.com/repos/tensorflow/models/actions/runs/973677368/jobs,tensorflow,models,https://github.com/tensorflow/models,https://api.github.com/repos/tensorflow/models/actions/runs
86,970577388,CI,73e4fd117f71371acd65e50b921b4178bf5ede20,pull_request,completed,success,2021-06-25T07:05:14Z,2021-06-25T07:05:51Z,https://api.github.com/repos/tensorflow/models/actions/runs/970577388/jobs,tensorflow,models,https://github.com/tensorflow/models,https://api.github.com/repos/tensorflow/models/actions/runs
87,970575734,CI,9d797056a5f9e73187dcc2374017ca9313e9b5e1,pull_request,completed,success,2021-06-25T07:04:41Z,2021-06-25T07:05:24Z,https://api.github.com/repos/tensorflow/models/actions/runs/970575734/jobs,tensorflow,models,https://github.com/tensorflow/models,https://api.github.com/repos/tensorflow/models/actions/runs
88,969420411,CI,c703ef58c16427dad32974db28fccb6513daa173,pull_request,completed,success,2021-06-24T21:21:19Z,2021-06-30T22:18:30Z,https://api.github.com/repos/tensorflow/models/actions/runs/969420411/jobs,tensorflow,models,https://github.com/tensorflow/models,https://api.github.com/repos/tensorflow/models/actions/runs
89,969119865,CI,14a3b380c00f342e67641dc60afba3f9e7e92a21,pull_request,completed,success,2021-06-24T19:20:47Z,2021-06-24T19:21:40Z,https://api.github.com/repos/tensorflow/models/actions/runs/969119865/jobs,tensorflow,models,https://github.com/tensorflow/models,https://api.github.com/repos/tensorflow/models/actions/runs
90,967744528,CI,d9ea4bc894c3a25d159a33a1a1503abbfefe7722,pull_request,completed,success,2021-06-24T11:20:44Z,2021-06-25T22:16:05Z,https://api.github.com/repos/tensorflow/models/actions/runs/967744528/jobs,tensorflow,models,https://github.com/tensorflow/models,https://api.github.com/repos/tensorflow/models/actions/runs
91,967040034,CI,562900b741c0684ed558680441205083d905e62b,pull_request,completed,success,2021-06-24T07:05:08Z,2021-06-24T07:06:18Z,https://api.github.com/repos/tensorflow/models/actions/runs/967040034/jobs,tensorflow,models,https://github.com/tensorflow/models,https://api.github.com/repos/tensorflow/models/actions/runs
92,967037844,CI,25a864fbdf7d09efc2f726dbe7610d0478105bc3,pull_request,completed,success,2021-06-24T07:04:21Z,2021-06-24T07:05:05Z,https://api.github.com/repos/tensorflow/models/actions/runs/967037844/jobs,tensorflow,models,https://github.com/tensorflow/models,https://api.github.com/repos/tensorflow/models/actions/runs
93,966735166,CI,6ea0ca5311b6a7cac32db26519954bd3d91fa836,pull_request,completed,success,2021-06-24T04:43:15Z,2021-06-24T04:44:07Z,https://api.github.com/repos/tensorflow/models/actions/runs/966735166/jobs,tensorflow,models,https://github.com/tensorflow/models,https://api.github.com/repos/tensorflow/models/actions/runs
94,963382214,CI,b2704a3b557b0f1312d63b338349f06769ac326c,pull_request,completed,success,2021-06-23T07:05:15Z,2021-06-23T07:06:12Z,https://api.github.com/repos/tensorflow/models/actions/runs/963382214/jobs,tensorflow,models,https://github.com/tensorflow/models,https://api.github.com/repos/tensorflow/models/actions/runs
95,963380212,CI,69307b0616b585e6432cf6861da680cb991c9a7a,pull_request,completed,success,2021-06-23T07:04:39Z,2021-06-23T07:05:47Z,https://api.github.com/repos/tensorflow/models/actions/runs/963380212/jobs,tensorflow,models,https://github.com/tensorflow/models,https://api.github.com/repos/tensorflow/models/actions/runs
96,961621680,CI,c76fd31abde7acd4e9f6134acee819cb1af61e2b,pull_request,completed,success,2021-06-22T18:00:06Z,2021-06-22T18:01:46Z,https://api.github.com/repos/tensorflow/models/actions/runs/961621680/jobs,tensorflow,models,https://github.com/tensorflow/models,https://api.github.com/repos/tensorflow/models/actions/runs
97,960367222,CI,2e5965ed8588b9d139e768c86e556f9e5e4f12b2,pull_request,completed,success,2021-06-22T10:55:58Z,2021-06-22T10:56:33Z,https://api.github.com/repos/tensorflow/models/actions/runs/960367222/jobs,tensorflow,models,https://github.com/tensorflow/models,https://api.github.com/repos/tensorflow/models/actions/runs
98,959911989,CI,9963252cbb9c7253d526e782774fb2b720383f60,pull_request,completed,success,2021-06-22T08:17:23Z,2021-06-22T08:18:04Z,https://api.github.com/repos/tensorflow/models/actions/runs/959911989/jobs,tensorflow,models,https://github.com/tensorflow/models,https://api.github.com/repos/tensorflow/models/actions/runs
99,959719142,CI,e8a535659fe8974efeba2f1fad85cfb6d461b4aa,pull_request,completed,success,2021-06-22T07:04:09Z,2021-06-22T07:04:48Z,https://api.github.com/repos/tensorflow/models/actions/runs/959719142/jobs,tensorflow,models,https://github.com/tensorflow/models,https://api.github.com/repos/tensorflow/models/actions/runs
100,957844236,CI,8e8b24097a3d941be3e8eea5264aa9d188d89c55,pull_request,completed,success,2021-06-21T16:58:36Z,2021-06-21T16:59:11Z,https://api.github.com/repos/tensorflow/models/actions/runs/957844236/jobs,tensorflow,models,https://github.com/tensorflow/models,https://api.github.com/repos/tensorflow/models/actions/runs
101,956946341,CI,f80855d2cd0ffa13742aa0d85639c2e8c98133cb,pull_request,completed,success,2021-06-21T11:51:43Z,2021-06-25T18:25:50Z,https://api.github.com/repos/tensorflow/models/actions/runs/956946341/jobs,tensorflow,models,https://github.com/tensorflow/models,https://api.github.com/repos/tensorflow/models/actions/runs
102,956194010,CI,3f63eb460c4d41999f2bb3c3197c78d5143674c3,pull_request,completed,success,2021-06-21T07:04:30Z,2021-06-21T07:05:17Z,https://api.github.com/repos/tensorflow/models/actions/runs/956194010/jobs,tensorflow,models,https://github.com/tensorflow/models,https://api.github.com/repos/tensorflow/models/actions/runs
103,951999176,CI,aa49ab6b54d38d0b66ca4595bb1e97f0d9e779a1,pull_request,completed,success,2021-06-19T07:04:27Z,2021-06-19T07:05:10Z,https://api.github.com/repos/tensorflow/models/actions/runs/951999176/jobs,tensorflow,models,https://github.com/tensorflow/models,https://api.github.com/repos/tensorflow/models/actions/runs
104,951534684,CI,840b9cff35bfaebd064fa5c80d1e0cd63816f71f,pull_request,completed,success,2021-06-19T01:17:34Z,2021-06-19T01:18:13Z,https://api.github.com/repos/tensorflow/models/actions/runs/951534684/jobs,tensorflow,models,https://github.com/tensorflow/models,https://api.github.com/repos/tensorflow/models/actions/runs
105,951527497,CI,07bdd72203400677ab8c6fbc564c4ea0633c1be5,pull_request,completed,success,2021-06-19T01:11:24Z,2021-06-19T01:12:07Z,https://api.github.com/repos/tensorflow/models/actions/runs/951527497/jobs,tensorflow,models,https://github.com/tensorflow/models,https://api.github.com/repos/tensorflow/models/actions/runs
106,951518493,CI,96db57b2a267828b02ec4cc24ceb9dc801e00722,pull_request,completed,success,2021-06-19T01:04:41Z,2021-06-19T01:05:23Z,https://api.github.com/repos/tensorflow/models/actions/runs/951518493/jobs,tensorflow,models,https://github.com/tensorflow/models,https://api.github.com/repos/tensorflow/models/actions/runs
107,951512698,CI,f75d0236869eb1a7388028f62d12fb8478e8dfe6,pull_request,completed,success,2021-06-19T01:01:03Z,2021-06-19T01:01:39Z,https://api.github.com/repos/tensorflow/models/actions/runs/951512698/jobs,tensorflow,models,https://github.com/tensorflow/models,https://api.github.com/repos/tensorflow/models/actions/runs
108,951394900,CI,96f53da2ffdd1ce152567498c43994eafa3be2f0,pull_request,completed,success,2021-06-18T23:50:39Z,2021-06-18T23:51:12Z,https://api.github.com/repos/tensorflow/models/actions/runs/951394900/jobs,tensorflow,models,https://github.com/tensorflow/models,https://api.github.com/repos/tensorflow/models/actions/runs
109,951380173,CI,6e1b4f790a138895e6d5af29015a8a250aee2768,pull_request,completed,success,2021-06-18T23:41:02Z,2021-06-18T23:41:38Z,https://api.github.com/repos/tensorflow/models/actions/runs/951380173/jobs,tensorflow,models,https://github.com/tensorflow/models,https://api.github.com/repos/tensorflow/models/actions/runs
110,950708878,CI,4a0ff906fc71df608cf2d7d08311979a673e3c52,pull_request,completed,success,2021-06-18T18:12:37Z,2021-06-18T18:13:24Z,https://api.github.com/repos/tensorflow/models/actions/runs/950708878/jobs,tensorflow,models,https://github.com/tensorflow/models,https://api.github.com/repos/tensorflow/models/actions/runs
111,950703653,CI,611737b58ea6178c082ec74cfe004828d5282d9f,pull_request,completed,success,2021-06-18T18:10:27Z,2021-06-18T18:11:14Z,https://api.github.com/repos/tensorflow/models/actions/runs/950703653/jobs,tensorflow,models,https://github.com/tensorflow/models,https://api.github.com/repos/tensorflow/models/actions/runs
112,950700940,CI,12781723188fd6230d8905fc4a495afd643a6f70,pull_request,completed,success,2021-06-18T18:09:23Z,2021-06-18T18:10:10Z,https://api.github.com/repos/tensorflow/models/actions/runs/950700940/jobs,tensorflow,models,https://github.com/tensorflow/models,https://api.github.com/repos/tensorflow/models/actions/runs
113,950638192,CI,24498978a6d3c96fb6060c4ee7b0892b4f8392a4,pull_request,completed,success,2021-06-18T17:43:18Z,2021-06-18T17:43:58Z,https://api.github.com/repos/tensorflow/models/actions/runs/950638192/jobs,tensorflow,models,https://github.com/tensorflow/models,https://api.github.com/repos/tensorflow/models/actions/runs
114,950624390,CI,a094ed3292c2f422a7d5cbe0914384e55782cf91,pull_request,completed,success,2021-06-18T17:35:37Z,2021-06-18T17:36:16Z,https://api.github.com/repos/tensorflow/models/actions/runs/950624390/jobs,tensorflow,models,https://github.com/tensorflow/models,https://api.github.com/repos/tensorflow/models/actions/runs
115,950467454,CI,6e5e462da13649cffb9b16239af8f7c79aef431f,pull_request,completed,success,2021-06-18T16:21:02Z,2021-06-18T16:21:45Z,https://api.github.com/repos/tensorflow/models/actions/runs/950467454/jobs,tensorflow,models,https://github.com/tensorflow/models,https://api.github.com/repos/tensorflow/models/actions/runs
116,950218147,CI,8202d7d1ee2ec038c96acf0c84a7fe7f68016738,pull_request,completed,success,2021-06-18T14:47:22Z,2021-06-18T14:48:02Z,https://api.github.com/repos/tensorflow/models/actions/runs/950218147/jobs,tensorflow,models,https://github.com/tensorflow/models,https://api.github.com/repos/tensorflow/models/actions/runs
117,947511909,CI,9ecffbd66c4adf7dfeaefb73a28f2c94961f9e92,pull_request,completed,success,2021-06-17T19:00:35Z,2021-06-17T19:01:11Z,https://api.github.com/repos/tensorflow/models/actions/runs/947511909/jobs,tensorflow,models,https://github.com/tensorflow/models,https://api.github.com/repos/tensorflow/models/actions/runs
118,947439601,CI,c8c9835d10f6eabe1ae96374f060742b65c62d5b,pull_request,completed,success,2021-06-17T18:31:35Z,2021-06-17T18:32:17Z,https://api.github.com/repos/tensorflow/models/actions/runs/947439601/jobs,tensorflow,models,https://github.com/tensorflow/models,https://api.github.com/repos/tensorflow/models/actions/runs
119,945493564,CI,d641cd6c0410e19cb7fc552cc698e1b2a11bbd1b,pull_request,completed,success,2021-06-17T07:04:48Z,2021-06-17T07:05:35Z,https://api.github.com/repos/tensorflow/models/actions/runs/945493564/jobs,tensorflow,models,https://github.com/tensorflow/models,https://api.github.com/repos/tensorflow/models/actions/runs
120,944506071,CI,085ca13ec2357a7502a5891d088b33d7e71c5861,pull_request,completed,success,2021-06-16T22:43:43Z,2021-06-16T22:44:26Z,https://api.github.com/repos/tensorflow/models/actions/runs/944506071/jobs,tensorflow,models,https://github.com/tensorflow/models,https://api.github.com/repos/tensorflow/models/actions/runs
121,944013736,CI,7e5cceaccf00d1d1f6c5b4bd06846a589f3a858a,pull_request,completed,success,2021-06-16T19:17:59Z,2021-06-16T19:18:39Z,https://api.github.com/repos/tensorflow/models/actions/runs/944013736/jobs,tensorflow,models,https://github.com/tensorflow/models,https://api.github.com/repos/tensorflow/models/actions/runs
122,941947213,CI,61931c807f17123d64220db3dcc6556493a7d6b4,pull_request,completed,success,2021-06-16T07:05:26Z,2021-06-16T07:06:11Z,https://api.github.com/repos/tensorflow/models/actions/runs/941947213/jobs,tensorflow,models,https://github.com/tensorflow/models,https://api.github.com/repos/tensorflow/models/actions/runs
123,941944758,CI,90bcb55e0cb309c5752a3ef04158c568f4706392,pull_request,completed,success,2021-06-16T07:04:42Z,2021-06-16T07:05:33Z,https://api.github.com/repos/tensorflow/models/actions/runs/941944758/jobs,tensorflow,models,https://github.com/tensorflow/models,https://api.github.com/repos/tensorflow/models/actions/runs
124,941356036,CI,d4f401e193eab64997fabf58b972a886365bdc02,pull_request,completed,success,2021-06-16T02:19:25Z,2021-06-16T02:20:06Z,https://api.github.com/repos/tensorflow/models/actions/runs/941356036/jobs,tensorflow,models,https://github.com/tensorflow/models,https://api.github.com/repos/tensorflow/models/actions/runs
125,939996016,CI,2b676a9b106ffdd305b63bd27b7f4d0b74036eb2,pull_request,completed,success,2021-06-15T16:22:40Z,2021-06-15T16:23:15Z,https://api.github.com/repos/tensorflow/models/actions/runs/939996016/jobs,tensorflow,models,https://github.com/tensorflow/models,https://api.github.com/repos/tensorflow/models/actions/runs
126,939588417,CI,8d2a1adfea5c569c0d682778180b454cb83aa27b,pull_request,completed,success,2021-06-15T14:11:48Z,2021-06-15T14:12:35Z,https://api.github.com/repos/tensorflow/models/actions/runs/939588417/jobs,tensorflow,models,https://github.com/tensorflow/models,https://api.github.com/repos/tensorflow/models/actions/runs
127,938387890,CI,82e0d3c14136bd38c3bb1ee14997e86cdf8b399c,pull_request,completed,success,2021-06-15T07:08:00Z,2021-06-15T07:08:37Z,https://api.github.com/repos/tensorflow/models/actions/runs/938387890/jobs,tensorflow,models,https://github.com/tensorflow/models,https://api.github.com/repos/tensorflow/models/actions/runs
128,938387125,CI,5c038c8ab92ba707ba920eb5124cde75efcc5515,pull_request,completed,success,2021-06-15T07:07:38Z,2021-06-15T07:08:17Z,https://api.github.com/repos/tensorflow/models/actions/runs/938387125/jobs,tensorflow,models,https://github.com/tensorflow/models,https://api.github.com/repos/tensorflow/models/actions/runs
129,938386027,CI,158c193f49ac22c9fc96735e0572f74eea04ec28,pull_request,completed,success,2021-06-15T07:07:12Z,2021-06-15T07:07:57Z,https://api.github.com/repos/tensorflow/models/actions/runs/938386027/jobs,tensorflow,models,https://github.com/tensorflow/models,https://api.github.com/repos/tensorflow/models/actions/runs
130,938383710,CI,dd8c67c867744a78b0a1e3a6b7e3f2246a04acde,pull_request,completed,success,2021-06-15T07:06:24Z,2021-06-15T07:07:05Z,https://api.github.com/repos/tensorflow/models/actions/runs/938383710/jobs,tensorflow,models,https://github.com/tensorflow/models,https://api.github.com/repos/tensorflow/models/actions/runs
131,938380082,CI,975fbbde65b77e94284d1342414892acc6d1932f,pull_request,completed,success,2021-06-15T07:05:17Z,2021-06-15T07:05:58Z,https://api.github.com/repos/tensorflow/models/actions/runs/938380082/jobs,tensorflow,models,https://github.com/tensorflow/models,https://api.github.com/repos/tensorflow/models/actions/runs
132,938371099,CI,fd50cc1b7404b2be672629d8e3d2b391c212b5a5,pull_request,completed,success,2021-06-15T07:02:28Z,2021-06-15T07:03:15Z,https://api.github.com/repos/tensorflow/models/actions/runs/938371099/jobs,tensorflow,models,https://github.com/tensorflow/models,https://api.github.com/repos/tensorflow/models/actions/runs
133,938366964,CI,3c62075e5565cfd76f406881d4ab7edfbf86497a,pull_request,completed,success,2021-06-15T07:01:02Z,2021-06-15T07:02:00Z,https://api.github.com/repos/tensorflow/models/actions/runs/938366964/jobs,tensorflow,models,https://github.com/tensorflow/models,https://api.github.com/repos/tensorflow/models/actions/runs
134,938365688,CI,db70cac38ff51707b851bb9e8458b969947d7ee5,pull_request,completed,success,2021-06-15T07:00:34Z,2021-06-15T07:01:13Z,https://api.github.com/repos/tensorflow/models/actions/runs/938365688/jobs,tensorflow,models,https://github.com/tensorflow/models,https://api.github.com/repos/tensorflow/models/actions/runs
135,938356073,CI,40f8439de0258abb5c43b101fd173868a3a51c49,pull_request,completed,success,2021-06-15T06:56:49Z,2021-06-15T06:57:33Z,https://api.github.com/repos/tensorflow/models/actions/runs/938356073/jobs,tensorflow,models,https://github.com/tensorflow/models,https://api.github.com/repos/tensorflow/models/actions/runs
136,938350009,CI,ec0b779cf9ff6149c81aeefad19f5463ccc299a8,pull_request,completed,success,2021-06-15T06:54:15Z,2021-06-15T06:54:56Z,https://api.github.com/repos/tensorflow/models/actions/runs/938350009/jobs,tensorflow,models,https://github.com/tensorflow/models,https://api.github.com/repos/tensorflow/models/actions/runs
137,938348586,CI,f246dd8f166a0eecc26e952c166b2e76ec0db426,pull_request,completed,success,2021-06-15T06:53:37Z,2021-06-15T06:54:17Z,https://api.github.com/repos/tensorflow/models/actions/runs/938348586/jobs,tensorflow,models,https://github.com/tensorflow/models,https://api.github.com/repos/tensorflow/models/actions/runs
138,931374288,CI,9bfce0becb0ac3413e56256fe39f9a4080d5915f,pull_request,completed,success,2021-06-12T14:32:34Z,2021-06-12T14:33:19Z,https://api.github.com/repos/tensorflow/models/actions/runs/931374288/jobs,tensorflow,models,https://github.com/tensorflow/models,https://api.github.com/repos/tensorflow/models/actions/runs
139,927868392,CI,ff9a588c8c9b22200810604e74103adb435c265b,pull_request,completed,success,2021-06-11T08:15:15Z,2021-06-11T08:16:00Z,https://api.github.com/repos/tensorflow/models/actions/runs/927868392/jobs,tensorflow,models,https://github.com/tensorflow/models,https://api.github.com/repos/tensorflow/models/actions/runs
140,923220862,CI,c7a3a13fa9b61e2558ee5b2202aaeb30fa05c6b2,pull_request,completed,success,2021-06-09T22:07:33Z,2021-06-09T22:35:20Z,https://api.github.com/repos/tensorflow/models/actions/runs/923220862/jobs,tensorflow,models,https://github.com/tensorflow/models,https://api.github.com/repos/tensorflow/models/actions/runs
141,922080365,CI,e544feda59476042d516529a1d9cb28f26380e30,pull_request,completed,success,2021-06-09T14:40:42Z,2021-06-09T16:04:44Z,https://api.github.com/repos/tensorflow/models/actions/runs/922080365/jobs,tensorflow,models,https://github.com/tensorflow/models,https://api.github.com/repos/tensorflow/models/actions/runs
142,922073578,CI,35c3a79f141c43ea836b6d9ecd549f805e5a3060,pull_request,completed,success,2021-06-09T14:38:34Z,2021-06-09T14:39:19Z,https://api.github.com/repos/tensorflow/models/actions/runs/922073578/jobs,tensorflow,models,https://github.com/tensorflow/models,https://api.github.com/repos/tensorflow/models/actions/runs
143,922071730,CI,f6c99c58fe37a721ce041ef01edb67e8b459ad8d,pull_request,completed,success,2021-06-09T14:37:56Z,2021-06-09T14:38:44Z,https://api.github.com/repos/tensorflow/models/actions/runs/922071730/jobs,tensorflow,models,https://github.com/tensorflow/models,https://api.github.com/repos/tensorflow/models/actions/runs
144,922021006,CI,625f4fb4ca4f73da20fe683699c42c7f7abd0d10,pull_request,completed,success,2021-06-09T14:21:13Z,2021-06-09T14:22:00Z,https://api.github.com/repos/tensorflow/models/actions/runs/922021006/jobs,tensorflow,models,https://github.com/tensorflow/models,https://api.github.com/repos/tensorflow/models/actions/runs
145,920860596,CI,b6d2b51cfb7342aea1a1101b471f516f67064e42,pull_request,completed,success,2021-06-09T07:20:57Z,2021-06-09T07:21:38Z,https://api.github.com/repos/tensorflow/models/actions/runs/920860596/jobs,tensorflow,models,https://github.com/tensorflow/models,https://api.github.com/repos/tensorflow/models/actions/runs
146,920621973,CI,93b28234573a5521d2392188dd90490c14cd02de,pull_request,completed,success,2021-06-09T05:38:47Z,2021-06-09T05:39:28Z,https://api.github.com/repos/tensorflow/models/actions/runs/920621973/jobs,tensorflow,models,https://github.com/tensorflow/models,https://api.github.com/repos/tensorflow/models/actions/runs
147,920620039,CI,2d879190cfdb72a69ade41664e032fbd5e29a4ff,pull_request,completed,success,2021-06-09T05:37:57Z,2021-06-09T05:38:35Z,https://api.github.com/repos/tensorflow/models/actions/runs/920620039/jobs,tensorflow,models,https://github.com/tensorflow/models,https://api.github.com/repos/tensorflow/models/actions/runs
148,919755315,CI,f6ce8f0d1a4cced9cfa3378baa174356e647ea6e,pull_request,completed,success,2021-06-08T21:43:35Z,2021-06-08T21:44:18Z,https://api.github.com/repos/tensorflow/models/actions/runs/919755315/jobs,tensorflow,models,https://github.com/tensorflow/models,https://api.github.com/repos/tensorflow/models/actions/runs
149,919588769,CI,3719454ec09a6545d6c30c6f7ca549dd6db9a3cd,pull_request,completed,success,2021-06-08T20:35:05Z,2021-06-08T20:35:48Z,https://api.github.com/repos/tensorflow/models/actions/runs/919588769/jobs,tensorflow,models,https://github.com/tensorflow/models,https://api.github.com/repos/tensorflow/models/actions/runs
150,919222708,CI,2c52623685e88685defb2de34d490168da69e5c6,pull_request,completed,success,2021-06-08T18:07:06Z,2021-06-08T18:07:46Z,https://api.github.com/repos/tensorflow/models/actions/runs/919222708/jobs,tensorflow,models,https://github.com/tensorflow/models,https://api.github.com/repos/tensorflow/models/actions/runs
151,916386928,CI,75b63975a739d094cbc041b54907107fa499c057,pull_request,completed,success,2021-06-07T21:54:26Z,2021-06-07T21:55:07Z,https://api.github.com/repos/tensorflow/models/actions/runs/916386928/jobs,tensorflow,models,https://github.com/tensorflow/models,https://api.github.com/repos/tensorflow/models/actions/runs
152,916301057,CI,35955ddc8f141d381c996bc6c53e5d1558567386,pull_request,completed,success,2021-06-07T21:22:04Z,2021-06-07T21:22:47Z,https://api.github.com/repos/tensorflow/models/actions/runs/916301057/jobs,tensorflow,models,https://github.com/tensorflow/models,https://api.github.com/repos/tensorflow/models/actions/runs
153,911230754,CI,8b10fae3d1961eb89297a5ca934477233558c21d,pull_request,completed,success,2021-06-06T08:04:59Z,2021-06-06T08:05:43Z,https://api.github.com/repos/tensorflow/models/actions/runs/911230754/jobs,tensorflow,models,https://github.com/tensorflow/models,https://api.github.com/repos/tensorflow/models/actions/runs
154,910141250,CI,f42b59d62ef1d3f2bd2f9ba1293248cfb219558d,pull_request,completed,success,2021-06-05T20:55:25Z,2021-06-05T20:56:23Z,https://api.github.com/repos/tensorflow/models/actions/runs/910141250/jobs,tensorflow,models,https://github.com/tensorflow/models,https://api.github.com/repos/tensorflow/models/actions/runs
155,909900037,CI,fa6000b5251c871da8fd7156866bb467ee12fea3,pull_request,completed,success,2021-06-05T18:42:45Z,2021-06-05T18:44:05Z,https://api.github.com/repos/tensorflow/models/actions/runs/909900037/jobs,tensorflow,models,https://github.com/tensorflow/models,https://api.github.com/repos/tensorflow/models/actions/runs
156,909620422,CI,ce7ca19fa0c2c7f0432f36413346954de1472310,pull_request,completed,success,2021-06-05T15:51:18Z,2021-06-05T15:52:00Z,https://api.github.com/repos/tensorflow/models/actions/runs/909620422/jobs,tensorflow,models,https://github.com/tensorflow/models,https://api.github.com/repos/tensorflow/models/actions/runs
157,903865124,CI,c02980f423d767b46e54036d6a3a105211d379fc,pull_request,completed,success,2021-06-03T18:50:09Z,2021-06-03T18:50:47Z,https://api.github.com/repos/tensorflow/models/actions/runs/903865124/jobs,tensorflow,models,https://github.com/tensorflow/models,https://api.github.com/repos/tensorflow/models/actions/runs
158,902437871,CI,93f22151c591f3b337d12d15076eae454b2e4ea0,pull_request,completed,success,2021-06-03T10:13:05Z,2021-06-03T10:13:57Z,https://api.github.com/repos/tensorflow/models/actions/runs/902437871/jobs,tensorflow,models,https://github.com/tensorflow/models,https://api.github.com/repos/tensorflow/models/actions/runs
159,899100837,CI,83fc5a072b53ef0f3cdd62ea7a5638a91eeec827,pull_request,completed,success,2021-06-02T10:59:47Z,2021-06-02T11:00:36Z,https://api.github.com/repos/tensorflow/models/actions/runs/899100837/jobs,tensorflow,models,https://github.com/tensorflow/models,https://api.github.com/repos/tensorflow/models/actions/runs
160,899097512,CI,a26babe79a7985d3cabc268a7baa8338254e4ece,pull_request,completed,success,2021-06-02T10:58:34Z,2021-06-02T10:59:13Z,https://api.github.com/repos/tensorflow/models/actions/runs/899097512/jobs,tensorflow,models,https://github.com/tensorflow/models,https://api.github.com/repos/tensorflow/models/actions/runs
161,899046036,CI,f11ed6bf68cc2e247bf8f31e87a64f75c83b74f0,pull_request,completed,success,2021-06-02T10:39:35Z,2021-06-02T10:40:14Z,https://api.github.com/repos/tensorflow/models/actions/runs/899046036/jobs,tensorflow,models,https://github.com/tensorflow/models,https://api.github.com/repos/tensorflow/models/actions/runs
162,899043982,CI,f9653f40b4186833f56a41db20cc44eee4f1a7d0,pull_request,completed,success,2021-06-02T10:38:51Z,2021-06-02T10:39:37Z,https://api.github.com/repos/tensorflow/models/actions/runs/899043982/jobs,tensorflow,models,https://github.com/tensorflow/models,https://api.github.com/repos/tensorflow/models/actions/runs
163,898948397,CI,66fd7dda5060b0c035aac8b1e2db83e01038c7a9,pull_request,completed,success,2021-06-02T10:04:45Z,2021-06-02T10:05:28Z,https://api.github.com/repos/tensorflow/models/actions/runs/898948397/jobs,tensorflow,models,https://github.com/tensorflow/models,https://api.github.com/repos/tensorflow/models/actions/runs
164,898944938,CI,18c4fa7f3a75a7d9bc13aa96caf48b48d73f65ac,pull_request,completed,success,2021-06-02T10:03:28Z,2021-06-02T10:04:26Z,https://api.github.com/repos/tensorflow/models/actions/runs/898944938/jobs,tensorflow,models,https://github.com/tensorflow/models,https://api.github.com/repos/tensorflow/models/actions/runs
165,898872006,CI,7e5a6a6ee9e8e46f1cf9ead507226b74bebd9c67,pull_request,completed,success,2021-06-02T09:41:29Z,2021-06-02T09:42:18Z,https://api.github.com/repos/tensorflow/models/actions/runs/898872006/jobs,tensorflow,models,https://github.com/tensorflow/models,https://api.github.com/repos/tensorflow/models/actions/runs
166,892177790,CI,fa838f96c575cfb1f38fe78a25885495b598a64f,pull_request,completed,success,2021-05-31T07:59:05Z,2021-05-31T07:59:55Z,https://api.github.com/repos/tensorflow/models/actions/runs/892177790/jobs,tensorflow,models,https://github.com/tensorflow/models,https://api.github.com/repos/tensorflow/models/actions/runs
167,891280164,CI,11de225a240cc07aa267778a3f4300d1f9f29fed,pull_request,completed,success,2021-05-30T23:59:07Z,2021-05-31T16:31:04Z,https://api.github.com/repos/tensorflow/models/actions/runs/891280164/jobs,tensorflow,models,https://github.com/tensorflow/models,https://api.github.com/repos/tensorflow/models/actions/runs
168,885848932,CI,404d24b01c68d2ecdf93347814fb4da3ee636f47,pull_request,completed,success,2021-05-28T14:08:47Z,2021-05-28T14:09:30Z,https://api.github.com/repos/tensorflow/models/actions/runs/885848932/jobs,tensorflow,models,https://github.com/tensorflow/models,https://api.github.com/repos/tensorflow/models/actions/runs
169,883994100,CI,5dfe788de6eef72c9f7301e7efce38ee40248a1f,pull_request,completed,success,2021-05-28T00:23:39Z,2021-05-28T00:24:14Z,https://api.github.com/repos/tensorflow/models/actions/runs/883994100/jobs,tensorflow,models,https://github.com/tensorflow/models,https://api.github.com/repos/tensorflow/models/actions/runs
170,881007855,CI,87a04344a961427dd7fb3b852c3396ffba73cf7e,pull_request,completed,success,2021-05-27T05:38:06Z,2021-06-08T04:22:33Z,https://api.github.com/repos/tensorflow/models/actions/runs/881007855/jobs,tensorflow,models,https://github.com/tensorflow/models,https://api.github.com/repos/tensorflow/models/actions/runs
171,880795359,CI,725b8c8c85d36fbee58f0025364f4e1acdcb0c94,pull_request,completed,success,2021-05-27T03:50:16Z,2021-05-27T03:50:58Z,https://api.github.com/repos/tensorflow/models/actions/runs/880795359/jobs,tensorflow,models,https://github.com/tensorflow/models,https://api.github.com/repos/tensorflow/models/actions/runs
172,880515180,CI,0352c8f447487fe9020837eda6d71cc76afb2aa8,pull_request,completed,success,2021-05-27T01:18:49Z,2021-05-27T01:19:29Z,https://api.github.com/repos/tensorflow/models/actions/runs/880515180/jobs,tensorflow,models,https://github.com/tensorflow/models,https://api.github.com/repos/tensorflow/models/actions/runs
173,875753012,CI,60a0a5bdcc63151c5897ce9f617f2803dad710d2,pull_request,completed,success,2021-05-25T17:11:55Z,2021-05-25T17:12:39Z,https://api.github.com/repos/tensorflow/models/actions/runs/875753012/jobs,tensorflow,models,https://github.com/tensorflow/models,https://api.github.com/repos/tensorflow/models/actions/runs
174,873073940,CI,b779dbb6ad7e92ff8244f0315f7722351b15d888,pull_request,completed,success,2021-05-25T00:00:17Z,2021-05-25T00:00:58Z,https://api.github.com/repos/tensorflow/models/actions/runs/873073940/jobs,tensorflow,models,https://github.com/tensorflow/models,https://api.github.com/repos/tensorflow/models/actions/runs
175,873071659,CI,45ee6a0b69b63bd752d67e01e917877f40b941eb,pull_request,completed,success,2021-05-24T23:59:06Z,2021-05-24T23:59:46Z,https://api.github.com/repos/tensorflow/models/actions/runs/873071659/jobs,tensorflow,models,https://github.com/tensorflow/models,https://api.github.com/repos/tensorflow/models/actions/runs
176,872167163,CI,90e1c7f575627a61316378587de88bc5176c4eac,pull_request,completed,success,2021-05-24T17:27:01Z,2021-05-24T17:27:44Z,https://api.github.com/repos/tensorflow/models/actions/runs/872167163/jobs,tensorflow,models,https://github.com/tensorflow/models,https://api.github.com/repos/tensorflow/models/actions/runs
177,865671854,CI,93cdbaf591ffbf0df30cc880f7ac8491507d3c62,pull_request,completed,failure,2021-05-22T02:07:51Z,2021-05-22T02:48:23Z,https://api.github.com/repos/tensorflow/models/actions/runs/865671854/jobs,tensorflow,models,https://github.com/tensorflow/models,https://api.github.com/repos/tensorflow/models/actions/runs
178,864943310,CI,e748d7853daa5a0dcb9afc0a7581af148ab2fc3c,pull_request,completed,failure,2021-05-21T19:39:49Z,2021-05-21T20:13:08Z,https://api.github.com/repos/tensorflow/models/actions/runs/864943310/jobs,tensorflow,models,https://github.com/tensorflow/models,https://api.github.com/repos/tensorflow/models/actions/runs
179,864893762,CI,790e49e519cb1ba4a3f9b29418c5ef09915fe266,pull_request,completed,failure,2021-05-21T19:18:20Z,2021-05-21T19:56:34Z,https://api.github.com/repos/tensorflow/models/actions/runs/864893762/jobs,tensorflow,models,https://github.com/tensorflow/models,https://api.github.com/repos/tensorflow/models/actions/runs
180,862716137,CI,bf861e065acb75784278227a639f0cb7e082558b,pull_request,completed,success,2021-05-21T04:48:27Z,2021-05-21T04:49:22Z,https://api.github.com/repos/tensorflow/models/actions/runs/862716137/jobs,tensorflow,models,https://github.com/tensorflow/models,https://api.github.com/repos/tensorflow/models/actions/runs
181,862709594,CI,ba07bf4425930e990aa255d86038d4b4521f7886,pull_request,completed,success,2021-05-21T04:44:45Z,2021-05-21T04:45:29Z,https://api.github.com/repos/tensorflow/models/actions/runs/862709594/jobs,tensorflow,models,https://github.com/tensorflow/models,https://api.github.com/repos/tensorflow/models/actions/runs
182,852155467,CI,f897697fc7c51b5559f51772ad528aa519538215,pull_request,completed,success,2021-05-18T05:11:31Z,2021-05-18T05:12:13Z,https://api.github.com/repos/tensorflow/models/actions/runs/852155467/jobs,tensorflow,models,https://github.com/tensorflow/models,https://api.github.com/repos/tensorflow/models/actions/runs
183,846190677,CI,42344de99a73e7e9208c7ef635b1669512b61afe,pull_request,completed,success,2021-05-16T03:08:51Z,2021-05-16T03:09:32Z,https://api.github.com/repos/tensorflow/models/actions/runs/846190677/jobs,tensorflow,models,https://github.com/tensorflow/models,https://api.github.com/repos/tensorflow/models/actions/runs
184,840249352,CI,7062211701c63d55b985440ded219f70fd51a4e3,pull_request,completed,success,2021-05-13T21:25:01Z,2021-05-13T21:26:14Z,https://api.github.com/repos/tensorflow/models/actions/runs/840249352/jobs,tensorflow,models,https://github.com/tensorflow/models,https://api.github.com/repos/tensorflow/models/actions/runs
185,834253015,CI,1435a751fce6b1ba453717723530168400f21d84,pull_request,completed,success,2021-05-12T05:29:19Z,2021-05-12T05:30:06Z,https://api.github.com/repos/tensorflow/models/actions/runs/834253015/jobs,tensorflow,models,https://github.com/tensorflow/models,https://api.github.com/repos/tensorflow/models/actions/runs
186,834253002,CI,1435a751fce6b1ba453717723530168400f21d84,pull_request,completed,success,2021-05-12T05:29:18Z,2021-05-12T05:30:04Z,https://api.github.com/repos/tensorflow/models/actions/runs/834253002/jobs,tensorflow,models,https://github.com/tensorflow/models,https://api.github.com/repos/tensorflow/models/actions/runs
187,832647111,CI,e47ecf4bcb52456c2f301244e47b6ffbbab30947,pull_request,completed,success,2021-05-11T17:58:46Z,2021-05-11T17:59:30Z,https://api.github.com/repos/tensorflow/models/actions/runs/832647111/jobs,tensorflow,models,https://github.com/tensorflow/models,https://api.github.com/repos/tensorflow/models/actions/runs
188,832646558,CI,913c42f612a34110c40657d005dd8827000f2010,pull_request,completed,success,2021-05-11T17:58:27Z,2021-05-11T17:59:22Z,https://api.github.com/repos/tensorflow/models/actions/runs/832646558/jobs,tensorflow,models,https://github.com/tensorflow/models,https://api.github.com/repos/tensorflow/models/actions/runs
189,832630611,CI,c35652eac85db2bef1c4b5f8f61c1cd60957553b,pull_request,completed,success,2021-05-11T17:52:07Z,2021-05-11T17:52:50Z,https://api.github.com/repos/tensorflow/models/actions/runs/832630611/jobs,tensorflow,models,https://github.com/tensorflow/models,https://api.github.com/repos/tensorflow/models/actions/runs
190,820863599,CI,a2f397a86995a0c6f9c30d956e21c9a63af6d3e6,pull_request,completed,success,2021-05-07T16:06:25Z,2021-05-07T16:40:26Z,https://api.github.com/repos/tensorflow/models/actions/runs/820863599/jobs,tensorflow,models,https://github.com/tensorflow/models,https://api.github.com/repos/tensorflow/models/actions/runs
191,816751799,CI,02d4f98f865c8ef04222b97e3796652ba58877a6,pull_request,completed,success,2021-05-06T12:04:22Z,2021-05-06T12:05:04Z,https://api.github.com/repos/tensorflow/models/actions/runs/816751799/jobs,tensorflow,models,https://github.com/tensorflow/models,https://api.github.com/repos/tensorflow/models/actions/runs
192,804222181,CI,17ef002509760532e37a12538620a7e4eb71d5c2,pull_request,completed,success,2021-05-02T11:56:30Z,2021-05-02T11:57:10Z,https://api.github.com/repos/tensorflow/models/actions/runs/804222181/jobs,tensorflow,models,https://github.com/tensorflow/models,https://api.github.com/repos/tensorflow/models/actions/runs
193,794002455,CI,c639e6d7ff0b4d0ed345d48a5292e3d508d270c1,pull_request,completed,success,2021-04-28T21:04:18Z,2021-04-28T21:05:13Z,https://api.github.com/repos/tensorflow/models/actions/runs/794002455/jobs,tensorflow,models,https://github.com/tensorflow/models,https://api.github.com/repos/tensorflow/models/actions/runs
194,793997422,CI,8a7cefc605363714e582b624e2a7107e6bcc2bc6,pull_request,completed,success,2021-04-28T21:02:22Z,2021-04-28T21:03:07Z,https://api.github.com/repos/tensorflow/models/actions/runs/793997422/jobs,tensorflow,models,https://github.com/tensorflow/models,https://api.github.com/repos/tensorflow/models/actions/runs
195,793987137,CI,85cb075106c930207ff69a97b6400cfc2eed145f,pull_request,completed,success,2021-04-28T20:57:30Z,2021-04-28T20:58:16Z,https://api.github.com/repos/tensorflow/models/actions/runs/793987137/jobs,tensorflow,models,https://github.com/tensorflow/models,https://api.github.com/repos/tensorflow/models/actions/runs
196,793674275,CI,eef8d919c5354718e2122030c265608439293bd1,pull_request,completed,success,2021-04-28T18:48:25Z,2021-04-28T18:49:02Z,https://api.github.com/repos/tensorflow/models/actions/runs/793674275/jobs,tensorflow,models,https://github.com/tensorflow/models,https://api.github.com/repos/tensorflow/models/actions/runs
197,793155065,CI,cfb56ef38c9edef6a66be8da390435fac9fcf728,pull_request,completed,success,2021-04-28T15:33:31Z,2021-04-28T15:34:16Z,https://api.github.com/repos/tensorflow/models/actions/runs/793155065/jobs,tensorflow,models,https://github.com/tensorflow/models,https://api.github.com/repos/tensorflow/models/actions/runs
198,787948347,CI,116e854ebb91ce31be290884cb0a98734f906e8b,pull_request,completed,success,2021-04-27T05:12:16Z,2021-04-27T05:12:57Z,https://api.github.com/repos/tensorflow/models/actions/runs/787948347/jobs,tensorflow,models,https://github.com/tensorflow/models,https://api.github.com/repos/tensorflow/models/actions/runs
199,786976128,CI,d854109b42fdca4be15ba1ded6514e2ba3a7f77d,pull_request,completed,success,2021-04-26T21:07:51Z,2021-04-26T21:08:34Z,https://api.github.com/repos/tensorflow/models/actions/runs/786976128/jobs,tensorflow,models,https://github.com/tensorflow/models,https://api.github.com/repos/tensorflow/models/actions/runs
200,785487727,CI,9277ffed6b0a250c01ae6172fce3b510dd3829f5,pull_request,completed,success,2021-04-26T12:08:23Z,2021-04-26T12:09:30Z,https://api.github.com/repos/tensorflow/models/actions/runs/785487727/jobs,tensorflow,models,https://github.com/tensorflow/models,https://api.github.com/repos/tensorflow/models/actions/runs
201,780082491,CI,b8de94ef663c9106b228474dde9cecceacca58fe,pull_request,completed,success,2021-04-24T07:53:50Z,2021-04-24T07:54:34Z,https://api.github.com/repos/tensorflow/models/actions/runs/780082491/jobs,tensorflow,models,https://github.com/tensorflow/models,https://api.github.com/repos/tensorflow/models/actions/runs
202,771946811,CI,7c84be333332745c219b85ad86a419c3f1153e1c,pull_request,completed,success,2021-04-21T20:22:52Z,2021-04-21T20:23:48Z,https://api.github.com/repos/tensorflow/models/actions/runs/771946811/jobs,tensorflow,models,https://github.com/tensorflow/models,https://api.github.com/repos/tensorflow/models/actions/runs
203,770092827,CI,d9aba5ecdcede072ec4f92c26f7c6705772d7216,pull_request,completed,success,2021-04-21T09:07:05Z,2021-04-21T09:07:52Z,https://api.github.com/repos/tensorflow/models/actions/runs/770092827/jobs,tensorflow,models,https://github.com/tensorflow/models,https://api.github.com/repos/tensorflow/models/actions/runs
204,770059518,CI,4754de072c9692ee950bde864f9e236fb26820a7,pull_request,completed,success,2021-04-21T08:55:37Z,2021-04-21T08:56:29Z,https://api.github.com/repos/tensorflow/models/actions/runs/770059518/jobs,tensorflow,models,https://github.com/tensorflow/models,https://api.github.com/repos/tensorflow/models/actions/runs
205,769978736,CI,bcea050de030bb592f164baf19baad6e9259142f,pull_request,completed,success,2021-04-21T08:26:25Z,2021-04-21T08:27:18Z,https://api.github.com/repos/tensorflow/models/actions/runs/769978736/jobs,tensorflow,models,https://github.com/tensorflow/models,https://api.github.com/repos/tensorflow/models/actions/runs
206,769817040,CI,8fa13bde0536df8556bc0e8d61341f56b742d096,pull_request,completed,success,2021-04-21T07:24:49Z,2021-04-21T07:27:10Z,https://api.github.com/repos/tensorflow/models/actions/runs/769817040/jobs,tensorflow,models,https://github.com/tensorflow/models,https://api.github.com/repos/tensorflow/models/actions/runs
207,768812938,CI,9d55fe6cb5d0324ec00d5b0d73af29e475d40de9,pull_request,completed,success,2021-04-20T23:02:22Z,2021-04-20T23:03:18Z,https://api.github.com/repos/tensorflow/models/actions/runs/768812938/jobs,tensorflow,models,https://github.com/tensorflow/models,https://api.github.com/repos/tensorflow/models/actions/runs
208,767799383,CI,81a477a20cffca580b1bf98af9b878ef23bdcff6,pull_request,completed,success,2021-04-20T16:16:36Z,2021-04-20T16:17:27Z,https://api.github.com/repos/tensorflow/models/actions/runs/767799383/jobs,tensorflow,models,https://github.com/tensorflow/models,https://api.github.com/repos/tensorflow/models/actions/runs
209,764794475,CI,aaf1481d623337010c99d411f39f8721d27d31e1,pull_request,completed,success,2021-04-19T19:54:40Z,2021-04-19T19:55:40Z,https://api.github.com/repos/tensorflow/models/actions/runs/764794475/jobs,tensorflow,models,https://github.com/tensorflow/models,https://api.github.com/repos/tensorflow/models/actions/runs
210,764711792,CI,ffc696e9c72f33109fec9f9fc1f09e924bf98b39,pull_request,completed,success,2021-04-19T19:21:20Z,2021-04-19T19:22:12Z,https://api.github.com/repos/tensorflow/models/actions/runs/764711792/jobs,tensorflow,models,https://github.com/tensorflow/models,https://api.github.com/repos/tensorflow/models/actions/runs
211,761504361,CI,8582eb980cfeba0bf127d17f7bfa64b2841d0b96,pull_request,completed,success,2021-04-18T20:23:42Z,2021-04-18T20:24:36Z,https://api.github.com/repos/tensorflow/models/actions/runs/761504361/jobs,tensorflow,models,https://github.com/tensorflow/models,https://api.github.com/repos/tensorflow/models/actions/runs
212,756587612,CI,99d573e358e9acb3a1a968b4ff21df0bac97cb3f,pull_request,completed,success,2021-04-16T18:40:58Z,2021-04-16T18:42:00Z,https://api.github.com/repos/tensorflow/models/actions/runs/756587612/jobs,tensorflow,models,https://github.com/tensorflow/models,https://api.github.com/repos/tensorflow/models/actions/runs
213,756436977,CI,0ab269df153b61026a50e409429b22a1e77d51e5,pull_request,completed,success,2021-04-16T17:39:43Z,2021-04-16T17:40:21Z,https://api.github.com/repos/tensorflow/models/actions/runs/756436977/jobs,tensorflow,models,https://github.com/tensorflow/models,https://api.github.com/repos/tensorflow/models/actions/runs
214,756327014,CI,5bf3e95d80c48b3f10231ff15349b94a482a5cfd,pull_request,completed,success,2021-04-16T16:53:52Z,2021-04-16T16:54:37Z,https://api.github.com/repos/tensorflow/models/actions/runs/756327014/jobs,tensorflow,models,https://github.com/tensorflow/models,https://api.github.com/repos/tensorflow/models/actions/runs
215,755278163,CI,06f6836897d76efeda0724bf70ee4a6572cbc52d,pull_request,completed,success,2021-04-16T10:25:23Z,2021-04-16T10:26:08Z,https://api.github.com/repos/tensorflow/models/actions/runs/755278163/jobs,tensorflow,models,https://github.com/tensorflow/models,https://api.github.com/repos/tensorflow/models/actions/runs
216,753672614,CI,3a2f2279c0bfc0e5827ff8f7810a468216065a37,pull_request,completed,success,2021-04-15T22:44:43Z,2021-04-15T22:45:31Z,https://api.github.com/repos/tensorflow/models/actions/runs/753672614/jobs,tensorflow,models,https://github.com/tensorflow/models,https://api.github.com/repos/tensorflow/models/actions/runs
217,752980628,CI,d94bcd2c669c9004c967b9df042398992695efb2,pull_request,completed,success,2021-04-15T18:03:26Z,2021-04-15T18:04:08Z,https://api.github.com/repos/tensorflow/models/actions/runs/752980628/jobs,tensorflow,models,https://github.com/tensorflow/models,https://api.github.com/repos/tensorflow/models/actions/runs
218,752794607,CI,fdb07a6b971a02bce65c08fb10c4ab854a8f1053,pull_request,completed,success,2021-04-15T16:52:34Z,2021-04-15T16:53:19Z,https://api.github.com/repos/tensorflow/models/actions/runs/752794607/jobs,tensorflow,models,https://github.com/tensorflow/models,https://api.github.com/repos/tensorflow/models/actions/runs
219,752346838,CI,878256dea565f86a04e6d3a6a5ce9368d89f035b,pull_request,completed,success,2021-04-15T14:21:38Z,2021-04-15T14:22:22Z,https://api.github.com/repos/tensorflow/models/actions/runs/752346838/jobs,tensorflow,models,https://github.com/tensorflow/models,https://api.github.com/repos/tensorflow/models/actions/runs
220,750836383,CI,d2838ce6d5576798131fbe207bbfddb0be6f443e,pull_request,completed,success,2021-04-15T05:24:16Z,2021-04-15T05:24:55Z,https://api.github.com/repos/tensorflow/models/actions/runs/750836383/jobs,tensorflow,models,https://github.com/tensorflow/models,https://api.github.com/repos/tensorflow/models/actions/runs
221,749595236,CI,c83170840fd48ae81ee5273e8dc81ab8fa99451e,pull_request,completed,success,2021-04-14T19:56:03Z,2021-04-14T19:56:48Z,https://api.github.com/repos/tensorflow/models/actions/runs/749595236/jobs,tensorflow,models,https://github.com/tensorflow/models,https://api.github.com/repos/tensorflow/models/actions/runs
222,749325695,CI,2421130475e472167cd6c8de78f337abdbf15971,pull_request,completed,success,2021-04-14T18:15:06Z,2021-04-14T18:16:15Z,https://api.github.com/repos/tensorflow/models/actions/runs/749325695/jobs,tensorflow,models,https://github.com/tensorflow/models,https://api.github.com/repos/tensorflow/models/actions/runs
223,748657053,CI,7aaad4ee6fc04625f1a4782aab3df2d57273124d,pull_request,completed,success,2021-04-14T14:28:31Z,2021-04-14T14:29:38Z,https://api.github.com/repos/tensorflow/models/actions/runs/748657053/jobs,tensorflow,models,https://github.com/tensorflow/models,https://api.github.com/repos/tensorflow/models/actions/runs
224,748415283,CI,7455cb713a0a33b13b6c6988e234a47a7b746e96,pull_request,completed,success,2021-04-14T13:11:03Z,2021-04-14T13:11:54Z,https://api.github.com/repos/tensorflow/models/actions/runs/748415283/jobs,tensorflow,models,https://github.com/tensorflow/models,https://api.github.com/repos/tensorflow/models/actions/runs
225,746788870,CI,a828e470cc045ef44d39fbfe6654392a7d4edf6d,pull_request,completed,success,2021-04-14T02:22:58Z,2021-04-14T02:23:46Z,https://api.github.com/repos/tensorflow/models/actions/runs/746788870/jobs,tensorflow,models,https://github.com/tensorflow/models,https://api.github.com/repos/tensorflow/models/actions/runs
226,746569088,CI,9f7971cb05767cfb929c650d053a2da466e83be3,pull_request,completed,success,2021-04-14T00:30:26Z,2021-04-14T00:31:16Z,https://api.github.com/repos/tensorflow/models/actions/runs/746569088/jobs,tensorflow,models,https://github.com/tensorflow/models,https://api.github.com/repos/tensorflow/models/actions/runs
227,746543850,CI,f8fcb69f14f95f8ff7c325c9c0a08b34457f0b46,pull_request,completed,success,2021-04-14T00:18:16Z,2021-04-14T00:19:15Z,https://api.github.com/repos/tensorflow/models/actions/runs/746543850/jobs,tensorflow,models,https://github.com/tensorflow/models,https://api.github.com/repos/tensorflow/models/actions/runs
228,746440630,CI,fe3d80ae56cd735ed51b627cfec9f298f45cc54a,pull_request,completed,success,2021-04-13T23:27:57Z,2021-04-13T23:28:37Z,https://api.github.com/repos/tensorflow/models/actions/runs/746440630/jobs,tensorflow,models,https://github.com/tensorflow/models,https://api.github.com/repos/tensorflow/models/actions/runs
229,746362229,CI,8a5681601830fd9b105ab6c6eac4a9aa29d08857,pull_request,completed,success,2021-04-13T22:51:20Z,2021-04-13T22:52:05Z,https://api.github.com/repos/tensorflow/models/actions/runs/746362229/jobs,tensorflow,models,https://github.com/tensorflow/models,https://api.github.com/repos/tensorflow/models/actions/runs
230,746205309,CI,0147de239f159627df941f46d42fe46a7f336e75,pull_request,completed,success,2021-04-13T21:39:56Z,2021-04-13T21:40:52Z,https://api.github.com/repos/tensorflow/models/actions/runs/746205309/jobs,tensorflow,models,https://github.com/tensorflow/models,https://api.github.com/repos/tensorflow/models/actions/runs
231,746165862,CI,29919194fa1e551611e8a33b1cfe7e1eba26ee27,pull_request,completed,success,2021-04-13T21:23:42Z,2021-04-13T21:24:39Z,https://api.github.com/repos/tensorflow/models/actions/runs/746165862/jobs,tensorflow,models,https://github.com/tensorflow/models,https://api.github.com/repos/tensorflow/models/actions/runs
232,745943297,CI,ab1ff245e2c8262497e770db0dc724fa0691b5bf,pull_request,completed,success,2021-04-13T19:52:27Z,2021-04-13T19:53:09Z,https://api.github.com/repos/tensorflow/models/actions/runs/745943297/jobs,tensorflow,models,https://github.com/tensorflow/models,https://api.github.com/repos/tensorflow/models/actions/runs
233,745929810,CI,9ca4908345e1f30612782328e68f5cb0fdca6065,pull_request,completed,success,2021-04-13T19:46:04Z,2021-04-13T19:46:46Z,https://api.github.com/repos/tensorflow/models/actions/runs/745929810/jobs,tensorflow,models,https://github.com/tensorflow/models,https://api.github.com/repos/tensorflow/models/actions/runs
234,745916861,CI,9b99cc5c7fdc256359243e8a1be414de6e27a10a,pull_request,completed,success,2021-04-13T19:40:50Z,2021-04-13T19:41:42Z,https://api.github.com/repos/tensorflow/models/actions/runs/745916861/jobs,tensorflow,models,https://github.com/tensorflow/models,https://api.github.com/repos/tensorflow/models/actions/runs
235,745893223,CI,f90e43968bed72a92cc8323eb79326b19031d0aa,pull_request,completed,success,2021-04-13T19:31:48Z,2021-04-13T19:32:30Z,https://api.github.com/repos/tensorflow/models/actions/runs/745893223/jobs,tensorflow,models,https://github.com/tensorflow/models,https://api.github.com/repos/tensorflow/models/actions/runs
236,745873342,CI,4cdb2bb810b572f2d61837dcc82f338e82a79d7a,pull_request,completed,success,2021-04-13T19:23:57Z,2021-04-13T19:24:35Z,https://api.github.com/repos/tensorflow/models/actions/runs/745873342/jobs,tensorflow,models,https://github.com/tensorflow/models,https://api.github.com/repos/tensorflow/models/actions/runs
237,745858560,CI,341d1647e3d8b9b6ceb79b3998fc73ffda6c44ec,pull_request,completed,success,2021-04-13T19:18:12Z,2021-04-13T19:18:53Z,https://api.github.com/repos/tensorflow/models/actions/runs/745858560/jobs,tensorflow,models,https://github.com/tensorflow/models,https://api.github.com/repos/tensorflow/models/actions/runs
238,745838046,CI,b995583b2691b175ac53a7033c8b045560d1e94c,pull_request,completed,success,2021-04-13T19:10:15Z,2021-04-13T19:11:00Z,https://api.github.com/repos/tensorflow/models/actions/runs/745838046/jobs,tensorflow,models,https://github.com/tensorflow/models,https://api.github.com/repos/tensorflow/models/actions/runs
239,745773755,CI,05fe29698d4936730bea94bce69ea6ba0612972e,pull_request,completed,success,2021-04-13T18:45:07Z,2021-04-13T18:45:46Z,https://api.github.com/repos/tensorflow/models/actions/runs/745773755/jobs,tensorflow,models,https://github.com/tensorflow/models,https://api.github.com/repos/tensorflow/models/actions/runs
240,745664136,CI,5037e530acec4b9201ed2203abd3e17ed6da364e,pull_request,completed,success,2021-04-13T18:04:27Z,2021-04-13T18:05:14Z,https://api.github.com/repos/tensorflow/models/actions/runs/745664136/jobs,tensorflow,models,https://github.com/tensorflow/models,https://api.github.com/repos/tensorflow/models/actions/runs
241,741808164,CI,8a62788d2452943c66ff819aac50c88ed4f5883c,pull_request,completed,success,2021-04-12T16:07:58Z,2021-04-12T16:08:49Z,https://api.github.com/repos/tensorflow/models/actions/runs/741808164/jobs,tensorflow,models,https://github.com/tensorflow/models,https://api.github.com/repos/tensorflow/models/actions/runs
242,740978503,CI,908815d0a42e83d0009d4381b32b09a796dc1783,pull_request,completed,success,2021-04-12T11:31:03Z,2021-04-12T11:31:48Z,https://api.github.com/repos/tensorflow/models/actions/runs/740978503/jobs,tensorflow,models,https://github.com/tensorflow/models,https://api.github.com/repos/tensorflow/models/actions/runs
243,740917427,CI,86c5d56c50e1e45dc577e4e54dcc75113d31b02e,pull_request,completed,success,2021-04-12T11:08:22Z,2021-04-12T11:08:59Z,https://api.github.com/repos/tensorflow/models/actions/runs/740917427/jobs,tensorflow,models,https://github.com/tensorflow/models,https://api.github.com/repos/tensorflow/models/actions/runs
244,740909816,CI,228cbb3e7385955d2534f9209d92a7ecd7c50d86,pull_request,completed,success,2021-04-12T11:05:40Z,2021-04-12T11:06:30Z,https://api.github.com/repos/tensorflow/models/actions/runs/740909816/jobs,tensorflow,models,https://github.com/tensorflow/models,https://api.github.com/repos/tensorflow/models/actions/runs
245,740800602,CI,78504de36fd2f075863b7aebe2d718612ff11eef,pull_request,completed,success,2021-04-12T10:27:53Z,2021-04-12T10:28:39Z,https://api.github.com/repos/tensorflow/models/actions/runs/740800602/jobs,tensorflow,models,https://github.com/tensorflow/models,https://api.github.com/repos/tensorflow/models/actions/runs
246,740347338,CI,8162ede7ce9db24d24c9d29cfee430e2504d64a8,pull_request,completed,success,2021-04-12T07:54:19Z,2021-04-12T07:55:17Z,https://api.github.com/repos/tensorflow/models/actions/runs/740347338/jobs,tensorflow,models,https://github.com/tensorflow/models,https://api.github.com/repos/tensorflow/models/actions/runs
247,730943646,CI,f971295121918a18ff6137ef005b61de3d08d872,pull_request,completed,success,2021-04-08T21:04:10Z,2021-04-08T21:05:01Z,https://api.github.com/repos/tensorflow/models/actions/runs/730943646/jobs,tensorflow,models,https://github.com/tensorflow/models,https://api.github.com/repos/tensorflow/models/actions/runs
248,730859724,CI,2e86c519b2ab533603e3c57b29ad99d00962e038,pull_request,completed,success,2021-04-08T20:29:14Z,2021-04-08T20:30:03Z,https://api.github.com/repos/tensorflow/models/actions/runs/730859724/jobs,tensorflow,models,https://github.com/tensorflow/models,https://api.github.com/repos/tensorflow/models/actions/runs
249,730837510,CI,feada13995900a26f183bc48768955b058142c4d,pull_request,completed,success,2021-04-08T20:20:28Z,2021-04-08T20:21:28Z,https://api.github.com/repos/tensorflow/models/actions/runs/730837510/jobs,tensorflow,models,https://github.com/tensorflow/models,https://api.github.com/repos/tensorflow/models/actions/runs
250,725331534,CI,c5dcc0f9505593460a2bc77cffe5cd369c2b0858,pull_request,completed,success,2021-04-07T08:18:39Z,2021-04-07T08:19:20Z,https://api.github.com/repos/tensorflow/models/actions/runs/725331534/jobs,tensorflow,models,https://github.com/tensorflow/models,https://api.github.com/repos/tensorflow/models/actions/runs
251,725255282,CI,4c46b6d69cf9f0dca268cbe4d17a5b837e635486,pull_request,completed,success,2021-04-07T07:49:43Z,2021-04-07T07:50:37Z,https://api.github.com/repos/tensorflow/models/actions/runs/725255282/jobs,tensorflow,models,https://github.com/tensorflow/models,https://api.github.com/repos/tensorflow/models/actions/runs
252,725245384,CI,031f636a56f585cd198542bd91cf7d857e341660,pull_request,completed,success,2021-04-07T07:46:12Z,2021-04-07T07:46:49Z,https://api.github.com/repos/tensorflow/models/actions/runs/725245384/jobs,tensorflow,models,https://github.com/tensorflow/models,https://api.github.com/repos/tensorflow/models/actions/runs
253,720528642,CI,5447ce11ab2ed58916f1604b4623cbbb431a77ad,pull_request,completed,success,2021-04-05T21:47:45Z,2021-04-05T21:48:33Z,https://api.github.com/repos/tensorflow/models/actions/runs/720528642/jobs,tensorflow,models,https://github.com/tensorflow/models,https://api.github.com/repos/tensorflow/models/actions/runs
254,709371350,CI,b10d546c4709d52e9e0a28d0a0aa4f62600c5439,pull_request,completed,success,2021-04-01T17:53:04Z,2021-04-01T17:53:43Z,https://api.github.com/repos/tensorflow/models/actions/runs/709371350/jobs,tensorflow,models,https://github.com/tensorflow/models,https://api.github.com/repos/tensorflow/models/actions/runs
255,705830095,CI,335823144cece96e3cd3d9296e83f402cd022daa,pull_request,completed,success,2021-03-31T17:35:06Z,2021-03-31T17:35:56Z,https://api.github.com/repos/tensorflow/models/actions/runs/705830095/jobs,tensorflow,models,https://github.com/tensorflow/models,https://api.github.com/repos/tensorflow/models/actions/runs
256,704396890,CI,66ff408854b1f79df6e0d5d931ac0c2f9fcf863f,pull_request,completed,success,2021-03-31T08:59:57Z,2021-03-31T09:00:45Z,https://api.github.com/repos/tensorflow/models/actions/runs/704396890/jobs,tensorflow,models,https://github.com/tensorflow/models,https://api.github.com/repos/tensorflow/models/actions/runs
257,704371197,CI,e4009b236c08afc812b18060c9976f0a3764ee52,pull_request,completed,success,2021-03-31T08:50:58Z,2021-03-31T08:51:47Z,https://api.github.com/repos/tensorflow/models/actions/runs/704371197/jobs,tensorflow,models,https://github.com/tensorflow/models,https://api.github.com/repos/tensorflow/models/actions/runs
258,702313141,CI,d82024098fd39b67f0ae93f57cc86a9c9cd7bdaa,pull_request,completed,success,2021-03-30T17:40:49Z,2021-03-30T17:41:42Z,https://api.github.com/repos/tensorflow/models/actions/runs/702313141/jobs,tensorflow,models,https://github.com/tensorflow/models,https://api.github.com/repos/tensorflow/models/actions/runs
259,688690190,CI,fc227c3bd84c174377f04489135af026209f9b1b,push,completed,failure,2021-03-26T03:18:38Z,2021-03-26T03:19:33Z,https://api.github.com/repos/tensorflow/models/actions/runs/688690190/jobs,tensorflow,models,https://github.com/tensorflow/models,https://api.github.com/repos/tensorflow/models/actions/runs
260,688061872,CI,81e456dd69dedd2173e76c18db6a4fdbb1e45213,push,completed,failure,2021-03-25T22:06:39Z,2021-03-25T22:14:21Z,https://api.github.com/repos/tensorflow/models/actions/runs/688061872/jobs,tensorflow,models,https://github.com/tensorflow/models,https://api.github.com/repos/tensorflow/models/actions/runs
261,687880211,CI,207e8ed87c39176114dfe55ea2986f562d543f49,push,completed,failure,2021-03-25T20:47:54Z,2021-03-25T20:48:45Z,https://api.github.com/repos/tensorflow/models/actions/runs/687880211/jobs,tensorflow,models,https://github.com/tensorflow/models,https://api.github.com/repos/tensorflow/models/actions/runs
262,685267141,CI,b4ca8615ef3d005e804a9bf047549ecb52c30296,push,completed,success,2021-03-25T03:48:37Z,2021-03-25T03:49:24Z,https://api.github.com/repos/tensorflow/models/actions/runs/685267141/jobs,tensorflow,models,https://github.com/tensorflow/models,https://api.github.com/repos/tensorflow/models/actions/runs
263,685262255,CI,2c8fdc2060ec283f0840c58814f0fdae1f4e0fbd,push,completed,failure,2021-03-25T03:46:01Z,2021-03-25T03:46:47Z,https://api.github.com/repos/tensorflow/models/actions/runs/685262255/jobs,tensorflow,models,https://github.com/tensorflow/models,https://api.github.com/repos/tensorflow/models/actions/runs
264,685247946,CI,9f340cd53d395b6075c0a1cb8eba34a18fa482c3,push,completed,failure,2021-03-25T03:38:25Z,2021-03-25T03:39:12Z,https://api.github.com/repos/tensorflow/models/actions/runs/685247946/jobs,tensorflow,models,https://github.com/tensorflow/models,https://api.github.com/repos/tensorflow/models/actions/runs
265,685241490,CI,679397e0050b2deb6788c2cff56cd74745d0bc47,push,completed,success,2021-03-25T03:35:02Z,2021-03-25T03:35:51Z,https://api.github.com/repos/tensorflow/models/actions/runs/685241490/jobs,tensorflow,models,https://github.com/tensorflow/models,https://api.github.com/repos/tensorflow/models/actions/runs
266,685212672,CI,302b4e6c1f435330bc5226943753b9639057bb1e,push,completed,success,2021-03-25T03:19:45Z,2021-03-25T03:20:41Z,https://api.github.com/repos/tensorflow/models/actions/runs/685212672/jobs,tensorflow,models,https://github.com/tensorflow/models,https://api.github.com/repos/tensorflow/models/actions/runs
267,685203454,CI,6edde819537a162a2fe4010b0e66c82b088ea7a9,push,completed,success,2021-03-25T03:14:42Z,2021-03-25T03:15:38Z,https://api.github.com/repos/tensorflow/models/actions/runs/685203454/jobs,tensorflow,models,https://github.com/tensorflow/models,https://api.github.com/repos/tensorflow/models/actions/runs
268,685166131,CI,c4849698c2cea35c39003e84920da691cbdb0bd5,push,completed,success,2021-03-25T02:55:18Z,2021-03-25T02:56:18Z,https://api.github.com/repos/tensorflow/models/actions/runs/685166131/jobs,tensorflow,models,https://github.com/tensorflow/models,https://api.github.com/repos/tensorflow/models/actions/runs
269,685158036,CI,ac41b830342a21a1711a9d77a11777276602fb96,push,completed,success,2021-03-25T02:51:07Z,2021-03-25T02:52:13Z,https://api.github.com/repos/tensorflow/models/actions/runs/685158036/jobs,tensorflow,models,https://github.com/tensorflow/models,https://api.github.com/repos/tensorflow/models/actions/runs
270,685088961,CI,52dbcf9b7c0495e63158844c166509adc1f0b20b,push,completed,success,2021-03-25T02:14:48Z,2021-03-25T02:15:44Z,https://api.github.com/repos/tensorflow/models/actions/runs/685088961/jobs,tensorflow,models,https://github.com/tensorflow/models,https://api.github.com/repos/tensorflow/models/actions/runs
271,685059599,CI,228edb2ea37b6c8c58a6c59247a58f3cd7f8b0ea,push,completed,failure,2021-03-25T01:59:55Z,2021-03-25T02:02:04Z,https://api.github.com/repos/tensorflow/models/actions/runs/685059599/jobs,tensorflow,models,https://github.com/tensorflow/models,https://api.github.com/repos/tensorflow/models/actions/runs
272,685019871,CI,6061f75d7c6e676bc85126100d1cd82fb5c12a78,push,completed,failure,2021-03-25T01:39:08Z,2021-03-25T01:40:52Z,https://api.github.com/repos/tensorflow/models/actions/runs/685019871/jobs,tensorflow,models,https://github.com/tensorflow/models,https://api.github.com/repos/tensorflow/models/actions/runs
273,685000118,CI,0d0eeeb97103aa2a4357836613a626d114f0bba5,push,completed,success,2021-03-25T01:28:55Z,2021-03-25T01:29:39Z,https://api.github.com/repos/tensorflow/models/actions/runs/685000118/jobs,tensorflow,models,https://github.com/tensorflow/models,https://api.github.com/repos/tensorflow/models/actions/runs
274,669300784,CI,35bcb3cfee5bceb603594b0b0c0d3e47992ded4a,push,completed,failure,2021-03-19T21:31:05Z,2021-03-19T22:13:55Z,https://api.github.com/repos/tensorflow/models/actions/runs/669300784/jobs,tensorflow,models,https://github.com/tensorflow/models,https://api.github.com/repos/tensorflow/models/actions/runs
275,669295213,.github/workflows/ci.yml,613ba6949f4fb6c0b7304951f89c7e8f2ef95286,push,completed,failure,2021-03-19T21:28:33Z,2021-03-19T21:28:33Z,https://api.github.com/repos/tensorflow/models/actions/runs/669295213/jobs,tensorflow,models,https://github.com/tensorflow/models,https://api.github.com/repos/tensorflow/models/actions/runs
